List of lists of tuples;Tasks#;Workers#;Jobs#;Sch.FCFS;FCFS.ImpTime;Sch.MRR;MMR.ImpTime;Sch.JSP;JSP.time
[[(1,3),(0,3),(1,4),(0,1)],[(1,1),(0,1),(1,1)],[(3,1),(2,1),(3,2),(2,2)],[(2,3),(3,1),(2,2)],[(0,3),(1,2),(0,1),(1,2)],[(2,4),(3,2),(2,4),(3,1)]];22;4;6;45;10583;16;19625;16;5145041
[[(0,1),(3,2),(0,4),(3,1)],[(0,1),(3,2),(0,3)],[(3,4),(0,2),(3,4),(0,2)],[(1,4),(2,2),(1,1)],[(2,1),(1,2),(2,3),(1,2)],[(1,2),(2,4),(1,4),(2,3)]];22;4;6;54;6125;17;11625;15;3796458
[[(1,3),(2,3),(1,3),(2,1)],[(0,1),(3,2),(0,4)],[(0,3),(3,4),(0,4),(3,2)],[(2,2),(1,3),(2,2)],[(2,3),(1,2),(2,4),(1,1)],[(3,4),(0,4),(3,3),(0,2)]];22;4;6;60;5458;18;17250;18;6079750
[[(0,4),(2,4),(0,3),(2,2)],[(1,1),(3,1),(1,3),(3,4)],[(2,4),(0,4),(2,3)],[(2,4),(0,4),(2,2),(0,1)],[(3,1),(1,2),(3,1),(1,2)],[(3,1),(1,4),(3,2)]];22;4;6;57;4333;19;10417;19;4058709
[[(1,2),(0,4),(1,1),(0,1)],[(2,3),(3,4),(2,1),(3,1)],[(0,3),(1,3),(0,3),(1,2)],[(3,3),(2,1),(3,4),(2,3)],[(3,4),(2,2),(3,4)],[(1,2),(0,2),(1,1)]];22;4;6;54;9500;20;30292;20;3638500
[[(0,3),(1,3),(0,4)],[(2,1),(3,1),(2,3),(3,1)],[(0,1),(1,3),(0,4),(1,4)],[(1,1),(0,3),(1,4),(0,1)],[(3,2),(2,4),(3,4)],[(3,3),(2,1),(3,2),(2,4)]];22;4;6;57;30083;19;41209;16;8029709
[[(2,1),(0,1),(2,4),(0,4)],[(3,1),(1,3),(3,4),(1,1)],[(1,3),(3,4),(1,2),(3,3)],[(0,4),(2,3),(0,2),(2,4)],[(2,2),(0,3),(2,2)],[(3,4),(1,2),(3,1)]];22;4;6;58;11916;17;34708;17;6690208
[[(0,4),(2,1),(0,4),(2,3)],[(2,2),(0,4),(2,1),(0,2)],[(3,2),(1,2),(3,4),(1,2)],[(2,3),(0,2),(2,2)],[(3,1),(1,4),(3,1)],[(1,1),(3,3),(1,4),(3,1)]];22;4;6;53;21250;17;27000;17;3879833
[[(3,1),(0,4),(3,2)],[(2,4),(1,2),(2,1),(1,2)],[(1,4),(2,2),(1,4),(2,4)],[(3,4),(0,2),(3,3),(0,4)],[(0,1),(3,4),(0,4),(3,1)],[(1,2),(2,2),(1,4)]];22;4;6;61;5291;18;14833;18;3274167
[[(2,1),(0,2),(2,1),(0,3)],[(1,1),(3,2),(1,2),(3,4)],[(0,2),(2,3),(0,3),(2,2)],[(2,2),(0,3),(2,1)],[(3,1),(1,3),(3,2)],[(3,2),(1,2),(3,4),(1,4)]];22;4;6;50;10708;15;11459;15;3313958
[[(3,4),(0,4),(3,4)],[(2,3),(1,3),(2,4),(1,3)],[(0,3),(3,4),(0,2),(3,4)],[(3,1),(0,4),(3,2),(0,3)],[(1,3),(2,4),(1,4),(2,3)],[(1,3),(2,4),(1,3)]];22;4;6;72;10625;19;34708;19;3671666
[[(0,4),(2,1),(0,2)],[(2,3),(0,2),(2,1),(0,3)],[(1,4),(3,1),(1,2),(3,3)],[(3,3),(1,1),(3,4),(1,3)],[(3,2),(1,3),(3,2)],[(0,1),(2,2),(0,4),(2,4)]];22;4;6;55;15791;17;18125;16;3801417
[[(3,1),(0,3),(3,3),(0,3)],[(0,2),(3,3),(0,2),(3,3)],[(1,1),(2,3),(1,3),(2,3)],[(2,2),(1,1),(2,1),(1,2)],[(0,4),(3,2),(0,3)],[(2,2),(1,3),(2,4)]];22;4;6;54;5208;17;18709;17;3220791
[[(2,4),(0,4),(2,1)],[(1,2),(3,2),(1,3),(3,1)],[(1,3),(3,4),(1,4)],[(2,1),(0,2),(2,2),(0,1)],[(3,3),(1,4),(3,4),(1,2)],[(0,4),(2,4),(0,4),(2,4)]];22;4;6;63;4541;18;11000;18;3370375
[[(2,2),(0,1),(2,4),(0,1)],[(0,3),(2,4),(0,3),(2,4)],[(3,1),(1,4),(3,1),(1,2)],[(1,3),(3,1),(1,4),(3,4)],[(1,4),(3,1),(1,4)],[(2,3),(0,3),(2,2)]];22;4;6;59;5167;21;18000;21;3618084
[[(0,3),(1,4),(0,1),(1,4)],[(3,4),(2,3),(3,4),(2,4)],[(1,2),(0,1),(1,1),(0,1)],[(0,1),(1,3),(0,2)],[(2,1),(3,2),(2,1),(3,2)],[(2,2),(3,2),(2,4)]];22;4;6;52;9500;16;12125;16;3280458
[[(3,1),(0,2),(3,1)],[(2,2),(1,2),(2,1),(1,3)],[(1,1),(2,2),(1,1)],[(1,2),(2,3),(1,1),(2,1)],[(3,2),(0,1),(3,4),(0,1)],[(0,3),(3,4),(0,3),(3,1)]];22;4;6;42;3917;13;17167;13;3278792
[[(0,1),(1,2),(0,4),(1,2)],[(3,2),(2,2),(3,3),(2,1)],[(1,2),(0,3),(1,1),(0,4)],[(1,4),(0,4),(1,1)],[(3,2),(2,1),(3,2)],[(2,3),(3,2),(2,4),(3,1)]];22;4;6;51;11917;18;10334;17;3413542
[[(3,3),(2,4),(3,1)],[(2,2),(3,2),(2,3),(3,3)],[(1,3),(0,1),(1,3),(0,2)],[(0,3),(1,3),(0,4),(1,4)],[(0,1),(1,2),(0,2)],[(3,2),(2,3),(3,4),(2,3)]];22;4;6;58;4500;17;12458;15;3379958
[[(0,4),(2,4),(0,3)],[(0,2),(2,1),(0,4),(2,1)],[(2,2),(0,1),(2,3),(0,4)],[(3,2),(1,4),(3,3),(1,3)],[(1,3),(3,2),(1,4),(3,4)],[(3,3),(1,3),(3,2)]];22;4;6;62;15750;19;9625;18;3077667
[[(1,2),(0,4),(1,2),(0,4)],[(3,4),(2,1),(3,3),(2,1)],[(1,2),(0,3),(1,2)],[(2,3),(3,4),(2,1),(3,3)],[(0,3),(1,3),(0,4),(1,2)],[(2,4),(3,4),(2,2)]];22;4;6;61;5417;18;18042;18;3240042
[[(2,2),(3,2),(2,1)],[(0,2),(1,3),(0,3),(1,2)],[(1,1),(0,1),(1,3)],[(2,4),(3,4),(2,1),(3,2)],[(1,2),(0,4),(1,4),(0,3)],[(3,1),(2,1),(3,3),(2,2)]];22;4;6;51;11333;16;9542;15;3348167
[[(3,2),(1,2),(3,2)],[(3,1),(1,3),(3,3),(1,1)],[(2,4),(0,4),(2,4),(0,3)],[(2,1),(0,3),(2,2)],[(1,3),(3,1),(1,3),(3,3)],[(0,1),(2,4),(0,2),(2,1)]];22;4;6;53;4166;16;12708;16;3393875
[[(3,2),(2,2),(3,1),(2,1)],[(1,1),(0,3),(1,1),(0,1)],[(1,4),(0,4),(1,1)],[(2,4),(3,2),(2,1),(3,3)],[(0,2),(1,3),(0,2),(1,2)],[(2,1),(3,3),(2,1)]];22;4;6;45;4292;13;9959;13;3115500
[[(1,4),(3,3),(1,1)],[(2,3),(0,2),(2,1),(0,4)],[(0,1),(2,2),(0,3),(2,3)],[(1,4),(3,1),(1,2),(3,2)],[(3,3),(1,2),(3,2),(1,4)],[(0,2),(2,3),(0,2)]];22;4;6;54;3708;17;13500;17;3098916
[[(1,4),(2,2),(1,4)],[(3,3),(0,4),(3,3)],[(1,4),(2,3),(1,2),(2,3)],[(3,3),(0,2),(3,3),(0,2)],[(0,1),(3,2),(0,3),(3,2)],[(2,4),(1,3),(2,2),(1,4)]];22;4;6;63;3417;21;8375;21;3238083
[[(2,4),(0,4),(2,4)],[(0,1),(2,2),(0,4),(2,2)],[(3,3),(1,3),(3,1),(1,3)],[(3,3),(1,1),(3,4)],[(1,4),(3,4),(1,3),(3,2)],[(2,4),(0,2),(2,3),(0,3)]];22;4;6;64;3834;20;11542;19;3200375
[[(2,3),(1,4),(2,4)],[(0,1),(3,1),(0,1)],[(2,3),(1,1),(2,4),(1,4)],[(3,1),(0,1),(3,4),(0,1)],[(0,2),(3,2),(0,4),(3,2)],[(1,2),(2,4),(1,1),(2,1)]];22;4;6;51;12792;22;12000;19;3211959
[[(0,4),(2,4),(0,1)],[(2,1),(0,1),(2,3),(0,2)],[(0,4),(2,1),(0,2),(2,2)],[(1,3),(3,2),(1,1)],[(1,3),(3,3),(1,3),(3,2)],[(3,3),(1,4),(3,4),(1,2)]];22;4;6;55;4167;16;13834;16;3021833
[[(2,2),(0,1),(2,2),(0,1)],[(3,3),(1,1),(3,4),(1,3)],[(3,4),(1,1),(3,4)],[(1,2),(3,3),(1,4),(3,1)],[(0,1),(2,1),(0,2)],[(0,3),(2,4),(0,3),(2,3)]];22;4;6;53;10666;19;8958;19;3271666
[[(0,4),(3,3),(0,3)],[(1,2),(2,3),(1,1),(2,1)],[(3,1),(0,4),(3,3),(0,3)],[(0,2),(3,4),(0,3),(3,1)],[(2,4),(1,1),(2,3)],[(2,1),(1,2),(2,1),(1,3)]];22;4;6;53;5834;19;17125;19;3082625
[[(3,4),(1,4),(3,3),(1,2)],[(2,2),(0,3),(2,2)],[(1,4),(3,4),(1,3),(3,2)],[(2,4),(0,3),(2,1),(0,3)],[(3,3),(1,4),(3,2)],[(0,2),(2,2),(0,4),(2,1)]];22;4;6;62;13250;18;22250;18;3088458
[[(1,2),(2,2),(1,3)],[(2,1),(1,1),(2,1),(1,4)],[(0,1),(3,1),(0,1)],[(1,3),(2,4),(1,4),(2,3)],[(0,1),(3,4),(0,1),(3,1)],[(3,2),(0,3),(3,2),(0,3)]];22;4;6;48;4333;17;14375;17;2994542
[[(1,4),(3,4),(1,3),(3,3)],[(3,4),(1,1),(3,3),(1,4)],[(2,1),(0,2),(2,1)],[(1,1),(3,1),(1,3)],[(0,1),(2,2),(0,3),(2,4)],[(2,4),(0,3),(2,3),(0,3)]];22;4;6;58;9208;18;8625;16;3250375
[[(3,4),(0,4),(3,4),(0,1)],[(3,2),(0,2),(3,2)],[(1,1),(2,3),(1,3)],[(0,4),(3,2),(0,2),(3,1)],[(1,3),(2,1),(1,2),(2,1)],[(2,2),(1,4),(2,1),(1,3)]];22;4;6;52;3292;16;10208;16;3127333
[[(0,3),(2,3),(0,3),(2,4)],[(0,3),(2,2),(0,3)],[(1,1),(3,2),(1,3)],[(3,3),(1,1),(3,3),(1,4)],[(1,1),(3,2),(1,1),(3,1)],[(2,1),(0,2),(2,3),(0,1)]];22;4;6;50;4875;15;17208;15;3202792
[[(0,2),(3,2),(0,3),(3,2)],[(3,2),(0,1),(3,4),(0,4)],[(2,4),(1,1),(2,4),(1,2)],[(1,3),(2,4),(1,2)],[(1,3),(2,2),(1,1),(2,4)],[(3,3),(0,3),(3,3)]];22;4;6;59;4291;18;12209;18;3104958
[[(0,4),(3,4),(0,4),(3,3)],[(1,2),(2,1),(1,4),(2,4)],[(2,3),(1,3),(2,1)],[(2,3),(1,4),(2,3),(1,1)],[(3,2),(0,3),(3,2),(0,3)],[(3,2),(0,2),(3,1)]];22;4;6;59;14208;18;10083;16;3476042
[[(1,4),(3,1),(1,2),(3,2)],[(0,1),(2,3),(0,2)],[(3,4),(1,4),(3,1),(1,1)],[(2,2),(0,1),(2,1),(0,2)],[(0,3),(2,4),(0,3),(2,3)],[(3,4),(1,3),(3,1)]];22;4;6;52;4625;15;13666;14;6158625
[[(1,4),(2,1),(1,4),(2,1)],[(0,3),(3,2),(0,4),(3,3)],[(2,1),(1,4),(2,1),(1,4)],[(0,2),(3,4),(0,2)],[(1,1),(2,4),(1,3)],[(3,3),(0,1),(3,3),(0,3)]];22;4;6;58;4666;20;20666;20;3450875
[[(3,1),(1,1),(3,3),(1,3)],[(0,3),(2,1),(0,3)],[(0,4),(2,1),(0,3),(2,1)],[(1,1),(3,3),(1,1),(3,4)],[(2,2),(0,4),(2,1),(0,2)],[(3,3),(1,3),(3,1)]];22;4;6;49;4208;19;11708;19;2992584
[[(3,1),(2,4),(3,4),(2,4)],[(1,4),(0,3),(1,2),(0,3)],[(0,3),(1,3),(0,3),(1,3)],[(0,2),(1,2),(0,3)],[(2,2),(3,2),(2,1),(3,2)],[(2,2),(3,1),(2,4)]];22;4;6;58;4250;17;15916;17;3261042
[[(1,2),(0,1),(1,3)],[(3,3),(2,4),(3,2),(2,4)],[(2,3),(3,1),(2,1),(3,2)],[(3,2),(2,4),(3,4)],[(1,3),(0,3),(1,3),(0,2)],[(0,2),(1,4),(0,2),(1,4)]];22;4;6;59;3958;19;9792;19;3207708
[[(0,3),(2,3),(0,4)],[(1,3),(3,1),(1,4),(3,4)],[(3,4),(1,1),(3,2)],[(2,1),(0,3),(2,1),(0,4)],[(0,1),(2,3),(0,4),(2,1)],[(3,1),(1,2),(3,3),(1,3)]];22;4;6;56;4250;19;17417;19;3639500
[[(2,1),(0,3),(2,1)],[(0,2),(2,4),(0,2),(2,1)],[(2,2),(0,3),(2,4),(0,3)],[(3,4),(1,4),(3,3),(1,1)],[(1,4),(3,4),(1,4),(3,2)],[(3,2),(1,1),(3,1)]];22;4;6;56;3667;16;9792;16;3021125
[[(3,3),(0,4),(3,3),(0,1)],[(0,3),(3,3),(0,4),(3,1)],[(3,4),(0,3),(3,1)],[(1,1),(2,3),(1,1),(2,1)],[(2,4),(1,2),(2,3),(1,1)],[(2,1),(1,1),(2,4)]];22;4;6;52;4542;16;18875;16;2934750
[[(3,3),(1,1),(3,1)],[(1,4),(3,2),(1,2),(3,1)],[(2,3),(0,3),(2,4),(0,2)],[(0,2),(2,4),(0,3),(2,3)],[(3,3),(1,1),(3,3),(1,2)],[(2,2),(0,3),(2,4)]];22;4;6;56;4000;20;9083;20;3094875
[[(0,4),(3,4),(0,3),(3,4)],[(3,2),(0,1),(3,2),(0,3)],[(2,3),(1,3),(2,2)],[(2,3),(1,2),(2,1),(1,1)],[(0,1),(3,4),(0,4)],[(1,2),(2,4),(1,3),(2,4)]];22;4;6;60;3542;19;14208;17;3370083
[[(1,2),(0,3),(1,3),(0,3)],[(0,4),(1,2),(0,1)],[(2,4),(3,3),(2,3),(3,1)],[(3,1),(2,2),(3,1),(2,4)],[(2,3),(3,1),(2,4)],[(0,2),(1,3),(0,4),(1,1)]];22;4;6;55;15000;20;8916;20;3091709
[[(1,3),(3,4),(1,3),(3,3)],[(0,1),(2,2),(0,3),(2,1)],[(1,2),(3,2),(1,4)],[(3,1),(1,4),(3,4),(1,3)],[(0,4),(2,4),(0,2)],[(2,3),(0,3),(2,4),(0,2)]];22;4;6;62;4125;19;12792;19;3005375
[[(3,2),(1,3),(3,1),(1,4)],[(1,4),(3,4),(1,4),(3,4)],[(1,4),(3,3),(1,1)],[(0,3),(2,1),(0,2),(2,2)],[(2,4),(0,3),(2,2),(0,1)],[(0,4),(2,2),(0,4)]];22;4;6;62;11084;20;9042;20;3126417
[[(3,1),(0,2),(3,2),(0,2)],[(0,2),(3,3),(0,4)],[(1,1),(2,3),(1,1),(2,1)],[(0,1),(3,3),(0,2),(3,2)],[(2,3),(1,1),(2,2),(1,1)],[(2,3),(1,1),(2,2)]];22;4;6;43;4167;14;14959;14;3302000
[[(3,4),(2,2),(3,1),(2,1)],[(1,2),(0,4),(1,2),(0,3)],[(0,2),(1,2),(0,1),(1,1)],[(3,3),(2,2),(3,1)],[(2,2),(3,1),(2,1),(3,2)],[(1,4),(0,4),(1,2)]];22;4;6;47;3708;14;18917;14;3487250
[[(1,4),(2,3),(1,4),(2,1)],[(0,3),(3,3),(0,1),(3,3)],[(3,2),(0,1),(3,4)],[(2,1),(1,2),(2,2),(1,3)],[(1,2),(2,4),(1,1)],[(3,3),(0,3),(3,2),(0,2)]];22;4;6;54;3709;17;11458;17;3021416
[[(0,2),(1,4),(0,3),(1,3)],[(1,1),(0,1),(1,2),(0,3)],[(3,3),(2,3),(3,4)],[(0,3),(1,4),(0,1)],[(3,1),(2,2),(3,1),(2,4)],[(2,4),(3,2),(2,2),(3,3)]];22;4;6;56;3750;16;20334;15;3349375
[[(2,1),(1,4),(2,2),(1,3)],[(3,3),(0,4),(3,3),(0,3)],[(1,1),(2,1),(1,1),(2,2)],[(0,2),(3,1),(0,2),(3,3)],[(3,3),(0,3),(3,2)],[(1,2),(2,2),(1,3)]];22;4;6;51;7917;15;10125;15;3121125
[[(1,2),(3,4),(1,1),(3,3)],[(0,2),(2,2),(0,3),(2,2)],[(3,3),(1,4),(3,4),(1,1)],[(2,1),(0,1),(2,4)],[(3,2),(1,4),(3,3)],[(2,4),(0,1),(2,2),(0,1)]];22;4;6;54;3292;19;12834;19;3232375
[[(3,3),(2,2),(3,2)],[(3,4),(2,3),(3,1),(2,3)],[(0,4),(1,1),(0,4),(1,4)],[(1,4),(0,3),(1,3)],[(2,3),(3,3),(2,3),(3,1)],[(1,2),(0,3),(1,4),(0,3)]];22;4;6;63;4167;18;14708;18;3487875
[[(1,4),(3,4),(1,3)],[(0,2),(2,1),(0,3),(2,4)],[(1,4),(3,2),(1,4),(3,1)],[(3,4),(1,2),(3,1),(1,3)],[(0,1),(2,1),(0,3)],[(2,3),(0,2),(2,3),(0,4)]];22;4;6;59;3625;20;20250;20;2954208
[[(3,4),(1,2),(3,4)],[(0,3),(2,2),(0,4),(2,1)],[(2,2),(0,1),(2,3)],[(2,2),(0,4),(2,3),(0,1)],[(3,1),(1,1),(3,4),(1,1)],[(1,3),(3,2),(1,2),(3,3)]];22;4;6;53;4208;18;15125;18;3222458
[[(2,1),(1,3),(2,4),(1,2)],[(1,1),(2,3),(1,4)],[(3,1),(0,1),(3,4),(0,4)],[(0,2),(3,2),(0,1)],[(0,2),(3,1),(0,1),(3,1)],[(1,2),(2,3),(1,2),(2,2)]];22;4;6;47;3417;14;21333;14;3448167
[[(0,4),(2,4),(0,3)],[(0,3),(2,2),(0,3),(2,4)],[(1,1),(3,4),(1,1),(3,1)],[(3,4),(1,2),(3,3),(1,2)],[(2,4),(0,2),(2,2),(0,1)],[(3,4),(1,4),(3,3)]];22;4;6;61;4458;19;19333;19;3812875
[[(3,1),(1,1),(3,3)],[(0,4),(2,1),(0,1),(2,1)],[(3,2),(1,4),(3,4),(1,4)],[(2,3),(0,2),(2,4),(0,4)],[(1,4),(3,3),(1,3),(3,4)],[(2,3),(0,1),(2,4)]];22;4;6;61;3625;18;12125;18;3077208
[[(0,1),(1,3),(0,3),(1,3)],[(1,2),(0,1),(1,3),(0,1)],[(2,1),(3,2),(2,3),(3,4)],[(3,4),(2,3),(3,1)],[(3,1),(2,3),(3,3),(2,2)],[(1,1),(0,2),(1,1)]];22;4;6;48;4000;17;9459;15;3379083
[[(3,2),(1,4),(3,3)],[(2,1),(0,2),(2,2)],[(0,3),(2,2),(0,2),(2,2)],[(3,2),(1,2),(3,4),(1,3)],[(2,2),(0,2),(2,1),(0,4)],[(1,4),(3,2),(1,4),(3,2)]];22;4;6;55;3500;18;24083;17;3028916
[[(0,4),(1,1),(0,3)],[(2,2),(3,1),(2,1),(3,4)],[(0,1),(1,3),(0,4),(1,1)],[(1,4),(0,4),(1,4),(0,1)],[(3,3),(2,4),(3,1)],[(3,3),(2,4),(3,3),(2,3)]];22;4;6;59;3750;18;9125;17;3534000
[[(0,4),(3,4),(0,3)],[(3,2),(0,3),(3,4),(0,3)],[(0,1),(3,4),(0,3),(3,1)],[(1,3),(2,1),(1,3)],[(1,3),(2,3),(1,2),(2,4)],[(2,1),(1,1),(2,1),(1,1)]];22;4;6;55;4250;19;17375;17;3028209
[[(0,3),(2,3),(0,3),(2,4)],[(1,2),(3,3),(1,1)],[(2,2),(0,1),(2,1)],[(2,3),(0,3),(2,4),(0,3)],[(3,4),(1,4),(3,1),(1,1)],[(1,4),(3,1),(1,3),(3,3)]];22;4;6;57;3667;17;8750;17;3053333
[[(2,4),(0,2),(2,1),(0,2)],[(3,4),(1,1),(3,3)],[(0,4),(2,4),(0,1),(2,3)],[(1,2),(3,1),(1,1),(3,3)],[(2,1),(0,1),(2,3)],[(3,2),(1,1),(3,2),(1,2)]];22;4;6;48;3958;16;12875;16;3066917
[[(2,4),(1,4),(2,3)],[(3,3),(0,4),(3,3),(0,4)],[(1,1),(2,1),(1,4),(2,2)],[(3,2),(0,2),(3,3)],[(2,1),(1,4),(2,2),(1,2)],[(0,2),(3,4),(0,4),(3,1)]];22;4;6;60;4250;18;11417;17;3015084
[[(0,3),(2,3),(0,3),(2,2)],[(2,1),(0,3),(2,3),(0,1)],[(1,3),(3,3),(1,3),(3,2)],[(0,2),(2,3),(0,4)],[(3,2),(1,3),(3,3),(1,1)],[(1,3),(3,1),(1,1)]];22;4;6;53;3417;16;15334;16;3146709
[[(3,2),(0,2),(3,3)],[(3,4),(0,4),(3,3),(0,2)],[(2,4),(1,2),(2,4),(1,2)],[(2,1),(1,2),(2,3)],[(0,1),(3,4),(0,1),(3,4)],[(1,1),(2,1),(1,1),(2,4)]];22;4;6;55;3667;20;8916;20;3060791
[[(0,2),(1,2),(0,4),(1,1)],[(3,4),(2,3),(3,2)],[(3,4),(2,4),(3,3),(2,4)],[(1,3),(0,4),(1,4)],[(1,1),(0,2),(1,1),(0,3)],[(2,1),(3,1),(2,2),(3,1)]];22;4;6;56;3167;19;15542;17;2973333
[[(3,2),(1,4),(3,4)],[(3,3),(1,2),(3,1),(1,2)],[(2,4),(0,4),(2,4),(0,1)],[(2,2),(0,2),(2,2)],[(0,2),(2,3),(0,3),(2,1)],[(1,4),(3,4),(1,4),(3,3)]];22;4;6;61;4709;17;9792;17;3207000
[[(3,3),(2,3),(3,2),(2,4)],[(1,2),(0,2),(1,2),(0,1)],[(0,4),(1,2),(0,3),(1,2)],[(2,1),(3,1),(2,2)],[(0,4),(1,3),(0,4)],[(2,1),(3,2),(2,1),(3,1)]];22;4;6;50;3542;18;10375;18;3024542
[[(1,1),(0,2),(1,3)],[(2,2),(3,2),(2,4),(3,2)],[(3,1),(2,2),(3,1)],[(0,3),(1,3),(0,4),(1,4)],[(1,1),(0,2),(1,2),(0,1)],[(3,4),(2,2),(3,1),(2,3)]];22;4;6;50;13834;15;8750;15;3138542
[[(3,2),(1,4),(3,1)],[(2,4),(0,2),(2,2),(0,2)],[(0,1),(2,4),(0,1),(2,3)],[(1,2),(3,4),(1,3),(3,2)],[(3,1),(1,2),(3,4),(1,2)],[(2,1),(0,4),(2,2)]];22;4;6;53;7166;16;14375;16;3149541
[[(3,1),(0,3),(3,2)],[(2,1),(1,3),(2,3)],[(0,2),(3,1),(0,2),(3,2)],[(3,3),(0,4),(3,4),(0,3)],[(1,3),(2,2),(1,2),(2,4)],[(2,1),(1,4),(2,3),(1,1)]];22;4;6;54;15500;17;9459;17;2992542
[[(2,2),(3,2),(2,2)],[(0,1),(1,2),(0,3)],[(1,4),(0,4),(1,4),(0,1)],[(2,4),(3,2),(2,3),(3,4)],[(0,3),(1,4),(0,1),(1,2)],[(3,2),(2,1),(3,2),(2,2)]];22;4;6;55;3750;16;11291;16;3183458
[[(0,1),(3,4),(0,3),(3,4)],[(2,4),(1,3),(2,2)],[(2,2),(1,2),(2,3),(1,3)],[(1,2),(2,1),(1,2),(2,2)],[(0,2),(3,4),(0,4)],[(3,1),(0,3),(3,1),(0,4)]];22;4;6;57;11458;17;9875;17;2850125
[[(1,2),(2,3),(1,2),(2,1)],[(0,4),(3,1),(0,1),(3,2)],[(3,3),(0,4),(3,1)],[(2,4),(1,2),(2,4)],[(2,3),(1,3),(2,2),(1,3)],[(3,2),(0,3),(3,1),(0,4)]];22;4;6;55;3750;19;11583;17;2975375
[[(3,3),(2,4),(3,1),(2,1)],[(1,2),(0,2),(1,3),(0,4)],[(0,2),(1,1),(0,1)],[(2,2),(3,2),(2,4)],[(0,2),(1,4),(0,2),(1,2)],[(2,1),(3,2),(2,3),(3,3)]];22;4;6;51;8792;17;11958;15;3042208
[[(2,3),(0,4),(2,2),(0,3)],[(3,1),(1,4),(3,3),(1,3)],[(2,3),(0,4),(2,4)],[(1,4),(3,3),(1,2),(3,4)],[(1,2),(3,2),(1,4)],[(0,1),(2,2),(0,4),(2,4)]];22;4;6;66;3500;19;11208;19;2954625
[[(3,1),(0,4),(3,4)],[(2,4),(1,1),(2,1),(1,4)],[(1,3),(2,3),(1,4)],[(0,4),(3,4),(0,4),(3,2)],[(3,1),(0,3),(3,4),(0,2)],[(1,2),(2,4),(1,1),(2,2)]];22;4;6;62;9542;18;8375;18;3047500
[[(3,4),(0,3),(3,2)],[(0,4),(3,3),(0,1),(3,3)],[(3,4),(0,1),(3,2),(0,3)],[(2,2),(1,3),(2,3),(1,4)],[(1,2),(2,4),(1,2)],[(1,1),(2,4),(1,4),(2,4)]];22;4;6;63;3833;18;11791;18;3023709
[[(1,4),(3,4),(1,4),(3,1)],[(0,2),(2,3),(0,3),(2,1)],[(3,1),(1,4),(3,4)],[(3,1),(1,3),(3,4),(1,3)],[(0,2),(2,2),(0,2)],[(2,1),(0,2),(2,2),(0,1)]];22;4;6;54;3583;19;15291;18;2875917
[[(1,1),(0,4),(1,2)],[(2,1),(3,4),(2,4),(3,2)],[(2,4),(3,1),(2,3)],[(1,4),(0,4),(1,1),(0,4)],[(0,1),(1,2),(0,3),(1,3)],[(3,4),(2,2),(3,3),(2,1)]];22;4;6;58;8375;16;23666;16;3485666
[[(3,2),(2,1),(3,4),(2,3)],[(0,1),(1,4),(0,4)],[(0,4),(1,2),(0,3),(1,4)],[(2,4),(3,4),(2,1),(3,2)],[(3,3),(2,2),(3,1)],[(1,1),(0,2),(1,3),(0,1)]];22;4;6;56;3583;18;11667;16;3556583
[[(0,3),(3,4),(0,3),(3,4)],[(1,3),(2,4),(1,2),(2,4)],[(2,2),(1,3),(2,3),(1,1)],[(3,3),(0,3),(3,3)],[(3,2),(0,4),(3,4),(0,3)],[(1,2),(2,1),(1,3)]];22;4;6;64;4291;20;15125;20;3220292
[[(1,1),(3,3),(1,1),(3,1)],[(1,1),(3,4),(1,2)],[(3,4),(1,2),(3,4),(1,2)],[(2,4),(0,2),(2,3),(0,3)],[(2,3),(0,4),(2,4)],[(0,2),(2,1),(0,3),(2,3)]];22;4;6;57;3792;18;19834;18;3148000
[[(3,3),(0,2),(3,2),(0,3)],[(1,1),(2,2),(1,4),(2,1)],[(2,3),(1,4),(2,2),(1,4)],[(0,3),(3,3),(0,3)],[(0,1),(3,2),(0,4),(3,2)],[(2,2),(1,4),(2,2)]];22;4;6;57;7125;19;10250;18;4045000
[[(1,3),(0,4),(1,3),(0,4)],[(2,2),(3,3),(2,4)],[(0,3),(1,4),(0,3),(1,3)],[(1,2),(0,4),(1,2)],[(2,4),(3,2),(2,2),(3,1)],[(3,3),(2,3),(3,1),(2,3)]];22;4;6;63;4750;18;15834;18;3124750
[[(2,3),(0,1),(2,4),(0,1)],[(1,3),(3,4),(1,1),(3,1)],[(0,2),(2,4),(0,2),(2,1)],[(0,1),(2,2),(0,4)],[(3,1),(1,3),(3,3),(1,2)],[(3,1),(1,1),(3,4)]];22;4;6;49;3375;15;9166;15;3180209
[[(1,1),(0,1),(1,3),(0,1)],[(2,3),(3,3),(2,3)],[(3,1),(2,4),(3,4),(2,4)],[(2,3),(3,4),(2,3),(3,1)],[(0,3),(1,2),(0,2),(1,2)],[(0,1),(1,3),(0,3)]];22;4;6;55;4958;20;14417;20;3498667
[[(0,3),(3,2),(0,4),(3,4)],[(3,3),(0,3),(3,3),(0,3)],[(1,3),(2,4),(1,2)],[(1,1),(2,4),(1,2),(2,2)],[(3,1),(0,4),(3,3)],[(2,3),(1,1),(2,4),(1,3)]];22;4;6;62;5042;18;11291;17;3838833
[[(1,1),(2,2),(1,2)],[(0,1),(3,1),(0,1),(3,1)],[(3,1),(0,1),(3,3),(0,4)],[(2,3),(1,1),(2,3),(1,3)],[(1,1),(2,2),(1,3),(2,2)],[(3,2),(0,4),(3,4)]];22;4;6;46;3834;13;20792;13;3282250
[[(0,4),(3,4),(0,4),(3,1)],[(1,1),(2,3),(1,4),(2,1)],[(2,4),(1,3),(2,4)],[(2,2),(1,2),(2,1),(1,1)],[(3,4),(0,3),(3,2)],[(3,4),(0,4),(3,3),(0,1)]];22;4;6;60;4833;18;11833;18;3368000
[[(2,4),(1,3),(2,4)],[(2,2),(1,3),(2,4),(1,4)],[(0,2),(3,4),(0,1)],[(1,3),(2,3),(1,4),(2,3)],[(0,3),(3,1),(0,2),(3,4)],[(3,2),(0,4),(3,1),(0,2)]];22;4;6;63;4750;21;20875;20;3893084
[[(1,1),(3,3),(1,1),(3,4)],[(2,3),(0,3),(2,3),(0,4)],[(3,1),(1,3),(3,1),(1,2)],[(0,4),(2,4),(0,2),(2,3)],[(3,2),(1,1),(3,2)],[(2,3),(0,3),(2,2)]];22;4;6;55;5000;18;11208;18;3586541
[[(3,1),(0,4),(3,3)],[(2,1),(1,3),(2,2),(1,1)],[(0,3),(3,2),(0,2),(3,2)],[(3,3),(0,2),(3,3),(0,4)],[(1,2),(2,1),(1,1),(2,1)],[(2,3),(1,1),(2,1)]];22;4;6;46;14125;17;14666;15;5501791
[[(0,2),(2,1),(0,4),(2,3)],[(1,2),(3,1),(1,1),(3,3)],[(2,3),(0,4),(2,1),(0,1)],[(0,1),(2,4),(0,2)],[(1,2),(3,3),(1,2)],[(3,1),(1,2),(3,3),(1,3)]];22;4;6;49;6583;14;20459;14;13994291
[[(1,1),(2,4),(1,2),(2,1)],[(2,2),(1,4),(2,1),(1,1)],[(2,1),(1,3),(2,2)],[(3,2),(0,4),(3,1),(0,4)],[(0,4),(3,1),(0,2),(3,1)],[(3,3),(0,2),(3,4)]];22;4;6;50;4959;16;18333;16;4284583
[[(2,2),(0,3),(2,3),(0,2)],[(0,2),(2,3),(0,4),(2,1)],[(1,3),(3,3),(1,4),(3,2)],[(3,4),(1,4),(3,4)],[(3,4),(1,1),(3,3),(1,3)],[(2,1),(0,4),(2,3)]];22;4;6;63;5875;21;18667;20;3660375
[[(3,1),(2,1),(3,4),(2,2)],[(3,3),(2,3),(3,4)],[(0,2),(1,2),(0,4),(1,1)],[(1,2),(0,4),(1,2),(0,1)],[(1,2),(0,1),(1,3)],[(2,2),(3,1),(2,3),(3,1)]];22;4;6;49;10167;14;11833;14;3893250
[[(0,2),(2,2),(0,3)],[(3,3),(1,4),(3,2),(1,3)],[(0,4),(2,4),(0,1),(2,2)],[(1,3),(3,3),(1,1)],[(1,4),(3,4),(1,4),(3,3)],[(2,2),(0,2),(2,1),(0,4)]];22;4;6;61;6791;19;20750;19;4432833
[[(3,2),(1,4),(3,4)],[(3,3),(1,1),(3,2),(1,1)],[(2,3),(0,1),(2,2),(0,4)],[(1,1),(3,4),(1,4),(3,2)],[(2,2),(0,2),(2,1)],[(0,4),(2,2),(0,3),(2,1)]];22;4;6;53;13209;17;14375;17;3678791
[[(1,4),(0,1),(1,1),(0,2)],[(3,1),(2,1),(3,1)],[(0,1),(1,3),(0,4)],[(3,1),(2,1),(3,2),(2,4)],[(2,4),(3,3),(2,4),(3,2)],[(0,4),(1,4),(0,1),(1,4)]];22;4;6;53;5959;16;19000;16;3951583
[[(2,3),(1,3),(2,4),(1,3)],[(1,2),(2,3),(1,4),(2,1)],[(0,4),(3,2),(0,2)],[(2,3),(1,2),(2,4)],[(0,4),(3,2),(0,1),(3,1)],[(3,2),(0,2),(3,3),(0,2)]];22;4;6;57;6000;18;14625;18;3792208
[[(3,3),(0,3),(3,3),(0,3)],[(0,4),(3,4),(0,1),(3,2)],[(1,1),(2,3),(1,3)],[(1,1),(2,4),(1,4),(2,1)],[(0,2),(3,1),(0,1)],[(2,3),(1,3),(2,1),(1,1)]];22;4;6;52;6333;15;21375;15;3910791
[[(1,1),(2,4),(1,3),(2,1)],[(2,4),(1,3),(2,3),(1,4)],[(0,3),(3,3),(0,2),(3,1)],[(0,3),(3,4),(0,2)],[(3,3),(0,2),(3,1),(0,3)],[(2,3),(1,2),(2,4)]];22;4;6;59;5875;19;15000;19;4080500
[[(2,3),(3,3),(2,3),(3,3)],[(0,1),(1,2),(0,4)],[(3,3),(2,1),(3,2)],[(0,1),(1,1),(0,1),(1,4)],[(1,2),(0,3),(1,1),(0,4)],[(3,4),(2,3),(3,2),(2,4)]];22;4;6;55;6667;18;18750;17;3948292
[[(1,4),(3,3),(1,2),(3,1)],[(3,1),(1,1),(3,4)],[(0,2),(2,1),(0,2),(2,3)],[(2,3),(0,4),(2,4),(0,4)],[(0,3),(2,3),(0,3)],[(3,2),(1,4),(3,2),(1,2)]];22;4;6;58;6125;18;14625;18;4246750
[[(1,2),(2,3),(1,4)],[(2,1),(1,1),(2,4),(1,4)],[(0,3),(3,3),(0,2)],[(0,4),(3,1),(0,2),(3,1)],[(3,2),(0,1),(3,2),(0,4)],[(1,4),(2,3),(1,4),(2,1)]];22;4;6;56;6500;19;20625;19;3734833
[[(0,1),(3,1),(0,1)],[(2,3),(1,3),(2,1),(1,3)],[(1,1),(2,2),(1,1)],[(3,1),(0,3),(3,4),(0,4)],[(1,3),(2,1),(1,1),(2,4)],[(0,4),(3,1),(0,4),(3,4)]];22;4;6;51;5542;17;14500;17;3896041
[[(3,2),(2,1),(3,1)],[(0,4),(1,3),(0,1),(1,2)],[(1,4),(0,3),(1,3),(0,4)],[(2,2),(3,4),(2,3),(3,4)],[(3,3),(2,1),(3,1),(2,1)],[(0,1),(1,2),(0,3)]];22;4;6;53;6084;16;16875;16;3990333
[[(0,4),(1,2),(0,1)],[(0,3),(1,4),(0,2),(1,1)],[(2,3),(3,4),(2,1)],[(3,3),(2,1),(3,1),(2,2)],[(1,3),(0,1),(1,4),(0,3)],[(2,2),(3,4),(2,4),(3,3)]];22;4;6;56;5667;18;13292;15;4175125
[[(3,1),(0,3),(3,3)],[(3,4),(0,3),(3,4),(0,3)],[(0,4),(3,3),(0,4),(3,3)],[(2,2),(1,4),(2,1)],[(2,3),(1,1),(2,2),(1,4)],[(1,1),(2,3),(1,1),(2,1)]];22;4;6;58;5500;18;17833;18;3776500
[[(2,4),(3,4),(2,3)],[(1,3),(0,4),(1,2),(0,3)],[(0,2),(1,1),(0,2),(1,4)],[(2,2),(3,3),(2,2),(3,1)],[(0,2),(1,4),(0,2)],[(3,1),(2,1),(3,1),(2,3)]];22;4;6;54;5208;16;11417;15;3561792
[[(3,2),(0,3),(3,4),(0,3)],[(1,2),(2,2),(1,2),(2,3)],[(2,1),(1,4),(2,1),(1,2)],[(2,3),(1,4),(2,1)],[(0,3),(3,2),(0,1),(3,1)],[(0,4),(3,1),(0,1)]];22;4;6;50;5209;17;18666;15;3361250
[[(0,1),(2,4),(0,3),(2,4)],[(3,4),(1,2),(3,4),(1,4)],[(2,2),(0,1),(2,2),(0,3)],[(3,3),(1,2),(3,2)],[(1,4),(3,4),(1,4),(3,3)],[(2,2),(0,1),(2,2)]];22;4;6;61;4625;20;13375;20;3458375
[[(3,2),(2,2),(3,2),(2,4)],[(3,2),(2,1),(3,1)],[(2,3),(3,3),(2,3),(3,4)],[(1,1),(0,4),(1,3),(0,2)],[(1,4),(0,3),(1,4)],[(0,1),(1,4),(0,3),(1,3)]];22;4;6;59;4750;19;14667;19;3754708
[[(0,3),(1,1),(0,3)],[(1,2),(0,2),(1,4),(0,1)],[(2,4),(3,1),(2,4),(3,3)],[(3,1),(2,4),(3,2)],[(3,2),(2,2),(3,2),(2,3)],[(0,4),(1,2),(0,2),(1,2)]];22;4;6;54;4708;17;15625;17;3391250
[[(1,3),(0,3),(1,3),(0,3)],[(0,2),(1,4),(0,1)],[(0,3),(1,3),(0,1),(1,4)],[(2,4),(3,2),(2,2),(3,4)],[(2,2),(3,3),(2,4)],[(3,2),(2,2),(3,2),(2,2)]];22;4;6;59;3875;17;16542;17;3284292
[[(1,4),(0,4),(1,3),(0,1)],[(2,1),(3,3),(2,4),(3,4)],[(0,2),(1,1),(0,1),(1,3)],[(3,3),(2,4),(3,1),(2,3)],[(2,1),(3,2),(2,2)],[(1,4),(0,2),(1,4)]];22;4;6;57;4791;19;14250;19;3274416
[[(1,2),(2,2),(1,3),(2,2)],[(3,3),(0,3),(3,4),(0,3)],[(3,3),(0,4),(3,2)],[(1,1),(2,1),(1,4)],[(0,2),(3,3),(0,4),(3,2)],[(2,3),(1,1),(2,4),(1,2)]];22;4;6;58;4042;17;16625;17;3105375
[[(1,1),(3,3),(1,2),(3,1)],[(3,1),(1,1),(3,2),(1,2)],[(0,2),(2,1),(0,1),(2,4)],[(2,4),(0,3),(2,2),(0,3)],[(2,1),(0,2),(2,1)],[(3,1),(1,4),(3,1)]];22;4;6;43;3750;14;12583;14;2853084
[[(3,2),(1,2),(3,4)],[(2,2),(0,1),(2,2)],[(0,4),(2,3),(0,1),(2,2)],[(2,3),(0,3),(2,4),(0,4)],[(3,1),(1,4),(3,4),(1,1)],[(1,2),(3,2),(1,1),(3,3)]];22;4;6;55;3084;18;12375;16;3481875
[[(2,3),(3,2),(2,1)],[(1,4),(0,1),(1,4),(0,2)],[(3,2),(2,2),(3,4),(2,1)],[(2,3),(3,4),(2,4),(3,2)],[(0,1),(1,2),(0,1),(1,2)],[(0,1),(1,2),(0,2)]];22;4;6;50;5000;16;16125;15;3488417
[[(1,1),(2,2),(1,3),(2,3)],[(0,1),(3,1),(0,4)],[(0,4),(3,3),(0,3),(3,1)],[(3,1),(0,1),(3,2),(0,4)],[(2,1),(1,2),(2,2)],[(2,1),(1,4),(2,4),(1,3)]];22;4;6;51;5875;17;17416;17;3253209
[[(0,3),(1,2),(0,2),(1,3)],[(2,3),(3,1),(2,2)],[(2,2),(3,2),(2,3),(3,3)],[(3,1),(2,1),(3,4),(2,3)],[(1,4),(0,1),(1,2)],[(1,4),(0,2),(1,3),(0,2)]];22;4;6;53;4542;18;13417;18;3629583
[[(3,2),(1,3),(3,2),(1,1)],[(1,3),(3,1),(1,2),(3,4)],[(1,1),(3,4),(1,4)],[(2,1),(0,3),(2,2),(0,2)],[(0,3),(2,3),(0,2),(2,2)],[(0,4),(2,4),(0,3)]];22;4;6;56;4625;17;11417;17;3847917
[[(1,3),(2,3),(1,2),(2,1)],[(3,3),(0,3),(3,1),(0,2)],[(2,4),(1,4),(2,3)],[(0,3),(3,4),(0,1),(3,3)],[(3,1),(0,4),(3,2)],[(2,4),(1,1),(2,4),(1,3)]];22;4;6;59;4084;21;18833;19;3336625
[[(3,3),(1,3),(3,3),(1,2)],[(0,2),(2,2),(0,4),(2,3)],[(1,2),(3,3),(1,3),(3,2)],[(3,3),(1,3),(3,2)],[(0,2),(2,1),(0,3)],[(2,2),(0,1),(2,2),(0,1)]];22;4;6;52;6208;16;13459;16;3244458
[[(2,4),(3,3),(2,2)],[(3,2),(2,3),(3,2),(2,4)],[(1,1),(0,4),(1,2),(0,4)],[(0,2),(1,1),(0,2),(1,4)],[(0,1),(1,2),(0,3)],[(2,3),(3,4),(2,4),(3,4)]];22;4;6;61;4500;20;13625;20;3285250
[[(1,3),(2,4),(1,4),(2,3)],[(2,3),(1,3),(2,1),(1,4)],[(0,4),(3,4),(0,4),(3,1)],[(1,2),(2,2),(1,3)],[(3,1),(0,4),(3,3),(0,4)],[(0,3),(3,2),(0,2)]];22;4;6;64;3958;21;9375;21;3244459
[[(0,2),(3,2),(0,2)],[(0,3),(3,2),(0,4),(3,3)],[(2,2),(1,2),(2,4),(1,4)],[(2,1),(1,4),(2,4)],[(3,2),(0,1),(3,2),(0,2)],[(1,4),(2,1),(1,1),(2,1)]];22;4;6;53;4458;15;16541;15;3226083
[[(3,1),(2,1),(3,4),(2,4)],[(1,2),(0,4),(1,1),(0,1)],[(0,3),(1,4),(0,2),(1,3)],[(2,2),(3,1),(2,4),(3,4)],[(3,4),(2,1),(3,3)],[(0,2),(1,1),(0,4)]];22;4;6;56;4375;17;9750;17;3244833
[[(3,3),(1,1),(3,4),(1,2)],[(0,1),(2,3),(0,1),(2,2)],[(1,2),(3,3),(1,1)],[(2,2),(0,4),(2,2),(0,4)],[(2,2),(0,4),(2,2)],[(1,2),(3,4),(1,1),(3,2)]];22;4;6;52;3542;16;10500;16;3280292
[[(2,2),(0,2),(2,4),(0,1)],[(2,4),(0,4),(2,1)],[(1,3),(3,3),(1,2),(3,2)],[(1,4),(3,1),(1,4)],[(0,1),(2,2),(0,4),(2,3)],[(3,4),(1,2),(3,1),(1,1)]];22;4;6;55;5167;17;12625;16;3821917
[[(0,2),(1,3),(0,3)],[(1,1),(0,3),(1,1),(0,3)],[(3,1),(2,1),(3,1),(2,4)],[(2,2),(3,1),(2,4),(3,2)],[(2,3),(3,3),(2,4)],[(0,1),(1,1),(0,3),(1,1)]];22;4;6;48;4959;18;15583;18;3451208
[[(2,2),(1,2),(2,2),(1,3)],[(1,4),(2,4),(1,1)],[(1,3),(2,3),(1,4),(2,1)],[(0,4),(3,1),(0,3),(3,4)],[(3,4),(0,1),(3,2)],[(3,2),(0,3),(3,3),(0,3)]];22;4;6;59;5167;18;12917;17;3393166
[[(0,4),(1,4),(0,2),(1,1)],[(3,4),(2,3),(3,3)],[(1,3),(0,4),(1,3),(0,1)],[(3,3),(2,4),(3,4),(2,2)],[(2,1),(3,3),(2,4),(3,4)],[(0,1),(1,2),(0,2)]];22;4;6;62;4541;21;1708541;21;3545750
[[(0,2),(3,2),(0,2),(3,3)],[(1,4),(2,3),(1,3)],[(3,2),(0,2),(3,1),(0,2)],[(1,4),(2,1),(1,4),(2,1)],[(3,3),(0,2),(3,3)],[(2,4),(1,3),(2,4),(1,4)]];22;4;6;59;4959;22;12417;22;3292875
[[(0,2),(3,3),(0,2)],[(2,2),(1,1),(2,2),(1,2)],[(0,3),(3,2),(0,4),(3,2)],[(3,1),(0,2),(3,1),(0,2)],[(1,4),(2,3),(1,1),(2,4)],[(2,2),(1,2),(2,1)]];22;4;6;48;4334;15;17250;15;3422666
[[(2,2),(3,1),(2,2)],[(3,2),(2,1),(3,3),(2,3)],[(1,4),(0,3),(1,3),(0,1)],[(2,2),(3,3),(2,3),(3,4)],[(0,3),(1,4),(0,2)],[(0,3),(1,2),(0,1),(1,4)]];22;4;6;56;10666;17;13250;17;3137791
[[(1,1),(0,4),(1,4),(0,1)],[(1,1),(0,1),(1,3)],[(3,4),(2,1),(3,2)],[(2,2),(3,2),(2,1),(3,3)],[(0,4),(1,1),(0,1),(1,4)],[(3,2),(2,4),(3,1),(2,1)]];22;4;6;48;4208;19;11750;16;3236291
[[(0,4),(3,1),(0,3),(3,4)],[(3,1),(0,3),(3,1),(0,2)],[(2,4),(1,2),(2,4),(1,4)],[(1,4),(2,1),(1,3)],[(1,2),(2,3),(1,2),(2,4)],[(0,2),(3,3),(0,2)]];22;4;6;59;14125;17;14542;17;3441625
[[(1,3),(0,4),(1,3),(0,4)],[(1,3),(0,3),(1,1)],[(2,2),(3,3),(2,4),(3,2)],[(3,1),(2,4),(3,3),(2,2)],[(0,2),(1,4),(0,3),(1,2)],[(2,2),(3,4),(2,1)]];22;4;6;60;4375;17;12958;17;3189709
[[(0,4),(1,2),(0,3),(1,4)],[(1,3),(0,2),(1,1),(0,2)],[(2,2),(3,1),(2,4),(3,3)],[(3,2),(2,3),(3,1),(2,3)],[(3,3),(2,2),(3,2)],[(1,2),(0,4),(1,1)]];22;4;6;54;10375;17;10791;15;3062959
[[(1,3),(0,4),(1,3)],[(0,2),(1,4),(0,2),(1,1)],[(1,3),(0,4),(1,3),(0,3)],[(2,4),(3,3),(2,4)],[(2,2),(3,3),(2,2),(3,1)],[(3,2),(2,3),(3,4),(2,1)]];22;4;6;61;4208;19;12292;17;3044959
[[(0,2),(1,4),(0,1)],[(2,2),(3,2),(2,4),(3,1)],[(3,4),(2,2),(3,2)],[(0,4),(1,2),(0,2),(1,3)],[(1,4),(0,4),(1,4),(0,2)],[(3,2),(2,2),(3,2),(2,2)]];22;4;6;57;7375;17;8625;17;2927375
[[(0,1),(1,3),(0,1),(1,4)],[(3,4),(2,2),(3,3),(2,1)],[(2,2),(3,3),(2,1),(3,2)],[(2,1),(3,1),(2,4)],[(1,3),(0,1),(1,4),(0,1)],[(0,1),(1,4),(0,4)]];22;4;6;51;4541;18;15083;18;3191666
[[(1,1),(2,4),(1,4)],[(1,1),(2,3),(1,4),(2,1)],[(0,3),(3,2),(0,2),(3,2)],[(2,2),(1,3),(2,2),(1,4)],[(0,2),(3,3),(0,3)],[(3,4),(0,1),(3,1),(0,1)]];22;4;6;53;12542;18;8625;17;3106167
[[(1,4),(3,1),(1,4),(3,1)],[(3,2),(1,1),(3,3)],[(2,3),(0,1),(2,2),(0,2)],[(0,3),(2,2),(0,3),(2,3)],[(0,3),(2,2),(0,4)],[(3,3),(1,1),(3,2),(1,1)]];22;4;6;51;3916;16;12250;16;2957209
[[(3,3),(1,3),(3,3),(1,1)],[(0,3),(2,2),(0,4),(2,3)],[(1,1),(3,3),(1,1),(3,4)],[(1,1),(3,4),(1,4)],[(2,3),(0,3),(2,4),(0,1)],[(0,3),(2,1),(0,2)]];22;4;6;57;8542;17;13458;17;3226292
[[(1,2),(2,4),(1,2),(2,4)],[(0,1),(3,1),(0,4)],[(0,1),(3,3),(0,3),(3,3)],[(1,1),(2,4),(1,2)],[(3,2),(0,2),(3,1),(0,1)],[(2,3),(1,3),(2,4),(1,1)]];22;4;6;52;4666;19;15792;19;2995791
[[(0,2),(2,1),(0,2),(2,3)],[(1,3),(3,1),(1,3)],[(0,1),(2,4),(0,4)],[(2,3),(0,1),(2,2),(0,1)],[(3,3),(1,4),(3,4),(1,2)],[(1,2),(3,3),(1,1),(3,1)]];22;4;6;51;3917;15;12542;15;3041958
[[(3,3),(2,4),(3,2),(2,3)],[(3,1),(2,1),(3,2)],[(1,4),(0,3),(1,3)],[(0,3),(1,1),(0,3),(1,3)],[(1,4),(0,3),(1,4),(0,2)],[(2,4),(3,4),(2,4),(3,4)]];22;4;6;65;3334;19;18792;19;3191250
[[(0,1),(3,1),(0,1),(3,3)],[(3,3),(0,1),(3,4)],[(1,4),(2,4),(1,2),(2,3)],[(3,3),(0,1),(3,4),(0,4)],[(2,3),(1,2),(2,4),(1,2)],[(2,3),(1,4),(2,1)]];22;4;6;58;10291;19;8959;18;3321083
[[(0,4),(3,4),(0,4),(3,2)],[(1,4),(2,2),(1,3),(2,2)],[(3,3),(0,2),(3,4)],[(2,1),(1,3),(2,1),(1,4)],[(3,4),(0,3),(3,3),(0,3)],[(1,3),(2,3),(1,4)]];22;4;6;66;3291;21;16541;21;3251458
[[(3,3),(0,3),(3,4)],[(2,1),(1,3),(2,1),(1,2)],[(1,2),(2,4),(1,1)],[(3,2),(0,1),(3,4),(0,1)],[(0,4),(3,1),(0,1),(3,1)],[(1,1),(2,1),(1,1),(2,2)]];22;4;6;44;7667;16;9167;15;3122167
[[(2,2),(3,2),(2,2)],[(1,2),(0,1),(1,2),(0,2)],[(3,3),(2,4),(3,4),(2,4)],[(0,3),(1,1),(0,1),(1,1)],[(2,3),(3,2),(2,1),(3,3)],[(0,2),(1,3),(0,2)]];22;4;6;50;3875;17;12250;17;3414166
[[(2,4),(0,3),(2,1),(0,1)],[(3,3),(1,1),(3,2),(1,4)],[(1,1),(3,1),(1,2),(3,2)],[(0,4),(2,1),(0,1),(2,4)],[(1,3),(3,1),(1,3)],[(2,4),(0,3),(2,2)]];22;4;6;51;7083;17;8709;16;2985166
[[(3,3),(0,2),(3,2)],[(2,4),(1,2),(2,3),(1,4)],[(0,4),(3,1),(0,1),(3,3)],[(1,1),(2,4),(1,1),(2,4)],[(1,2),(2,2),(1,2)],[(3,3),(0,3),(3,1),(0,3)]];22;4;6;55;3625;17;11125;17;3153417
[[(2,4),(0,1),(2,3)],[(1,3),(3,4),(1,4),(3,1)],[(3,4),(1,1),(3,1),(1,2)],[(0,2),(2,1),(0,2),(2,4)],[(3,4),(1,2),(3,3)],[(2,2),(0,1),(2,2),(0,3)]];22;4;6;54;8833;18;8458;17;3196209
[[(3,2),(0,4),(3,2),(0,2)],[(0,2),(3,3),(0,1)],[(0,3),(3,1),(0,4),(3,4)],[(2,4),(1,2),(2,4)],[(1,3),(2,2),(1,3),(2,4)],[(2,3),(1,2),(2,1),(1,1)]];22;4;6;57;4041;18;18667;18;3199333
[[(1,4),(0,4),(1,2),(0,3)],[(2,4),(3,1),(2,3),(3,1)],[(3,2),(2,4),(3,3),(2,3)],[(3,1),(2,3),(3,4)],[(0,4),(1,2),(0,4),(1,3)],[(1,3),(0,3),(1,2)]];22;4;6;63;9125;18;9375;18;3273458
[[(2,4),(3,3),(2,1),(3,4)],[(0,3),(1,3),(0,4),(1,4)],[(3,1),(2,4),(3,4),(2,1)],[(1,1),(0,2),(1,4),(0,4)],[(1,4),(0,4),(1,4)],[(3,1),(2,1),(3,3)]];22;4;6;64;7541;20;12291;20;3156084
[[(0,2),(3,1),(0,3)],[(3,3),(0,2),(3,1),(0,3)],[(0,2),(3,1),(0,1),(3,2)],[(1,4),(2,3),(1,2)],[(2,1),(1,2),(2,3),(1,1)],[(1,1),(2,4),(1,4),(2,1)]];22;4;6;47;8667;16;8834;14;3079417
[[(3,4),(0,4),(3,1),(0,1)],[(2,2),(1,3),(2,4),(1,4)],[(1,3),(2,4),(1,4),(2,3)],[(0,3),(3,4),(0,4)],[(2,2),(1,3),(2,4)],[(0,2),(3,4),(0,1),(3,3)]];22;4;6;67;4500;19;19250;19;3286750
[[(1,4),(3,2),(1,1)],[(1,1),(3,1),(1,1),(3,2)],[(0,3),(2,4),(0,3)],[(0,2),(2,2),(0,3),(2,1)],[(3,3),(1,3),(3,4),(1,2)],[(2,3),(0,2),(2,1),(0,2)]];22;4;6;50;13417;15;10250;15;3207917
[[(3,4),(0,4),(3,3),(0,3)],[(0,1),(3,3),(0,4)],[(2,1),(1,4),(2,2),(1,2)],[(0,3),(3,1),(0,2),(3,1)],[(1,2),(2,3),(1,4),(2,4)],[(2,4),(1,4),(2,3)]];22;4;6;62;3209;18;10625;18;3292208
[[(0,1),(1,3),(0,1)],[(3,2),(2,3),(3,3),(2,4)],[(0,2),(1,1),(0,2),(1,1)],[(2,1),(3,2),(2,2),(3,3)],[(1,1),(0,2),(1,1),(0,3)],[(2,3),(3,1),(2,3)]];22;4;6;45;8459;16;14209;16;3166333
[[(2,1),(0,2),(2,1)],[(0,3),(2,1),(0,4),(2,2)],[(1,4),(3,2),(1,1),(3,2)],[(2,3),(0,1),(2,3),(0,3)],[(3,1),(1,2),(3,3)],[(3,4),(1,4),(3,3),(1,1)]];22;4;6;51;3416;15;13833;15;2920458
[[(2,1),(0,2),(2,3),(0,1)],[(0,1),(2,2),(0,1),(2,1)],[(3,3),(1,2),(3,1)],[(2,2),(0,2),(2,4)],[(1,3),(3,4),(1,3),(3,1)],[(3,2),(1,2),(3,4),(1,1)]];22;4;6;46;7500;15;9333;15;3068917
[[(2,3),(3,2),(2,2),(3,1)],[(0,1),(1,1),(0,2),(1,4)],[(3,4),(2,2),(3,2),(2,1)],[(1,1),(0,3),(1,4),(0,4)],[(0,1),(1,1),(0,3)],[(3,3),(2,3),(3,2)]];22;4;6;50;3375;14;17167;14;3275084
[[(0,4),(1,2),(0,2),(1,3)],[(3,1),(2,3),(3,4),(2,1)],[(2,1),(3,1),(2,3)],[(1,4),(0,4),(1,3),(0,2)],[(2,1),(3,2),(2,1),(3,2)],[(0,1),(1,3),(0,3)]];22;4;6;51;8708;16;11500;16;3081750
[[(2,2),(0,2),(2,1),(0,1)],[(0,3),(2,2),(0,3),(2,4)],[(1,1),(3,3),(1,3)],[(0,2),(2,3),(0,4)],[(1,3),(3,1),(1,3),(3,3)],[(3,4),(1,2),(3,1),(1,1)]];22;4;6;52;4041;16;17375;15;3232583
[[(0,3),(3,1),(0,1)],[(2,4),(1,3),(2,2)],[(3,4),(0,1),(3,2),(0,2)],[(0,2),(3,1),(0,2),(3,2)],[(2,3),(1,4),(2,1),(1,4)],[(1,2),(2,4),(1,1),(2,3)]];22;4;6;52;9250;18;12167;17;3206709
[[(0,1),(2,4),(0,4),(2,3)],[(2,3),(0,3),(2,4)],[(3,3),(1,1),(3,4),(1,2)],[(1,3),(3,3),(1,4)],[(1,3),(3,4),(1,3),(3,2)],[(2,4),(0,1),(2,4),(0,2)]];22;4;6;65;4250;22;15750;22;3138083
[[(3,3),(2,4),(3,1)],[(1,2),(0,2),(1,3),(0,3)],[(2,2),(3,4),(2,2),(3,1)],[(1,3),(0,1),(1,2)],[(0,1),(1,2),(0,1),(1,1)],[(3,1),(2,4),(3,2),(2,3)]];22;4;6;48;11459;16;9041;15;3063375
[[(2,1),(1,4),(2,3),(1,4)],[(2,2),(1,1),(2,2)],[(1,2),(2,1),(1,2),(2,4)],[(3,2),(0,4),(3,2),(0,1)],[(0,4),(3,1),(0,1),(3,2)],[(0,3),(3,4),(0,4)]];22;4;6;54;3958;17;14459;17;3074250
[[(1,2),(0,4),(1,4),(0,1)],[(0,4),(1,4),(0,2),(1,1)],[(1,4),(0,2),(1,4)],[(3,2),(2,4),(3,4),(2,3)],[(2,3),(3,3),(2,2)],[(2,4),(3,2),(2,4),(3,1)]];22;4;6;64;9250;20;12125;20;3113750
[[(1,1),(0,2),(1,4),(0,1)],[(2,4),(3,1),(2,1)],[(0,4),(1,1),(0,2)],[(3,4),(2,3),(3,1),(2,3)],[(2,1),(3,3),(2,3),(3,3)],[(0,2),(1,3),(0,3),(1,3)]];22;4;6;53;3375;16;12416;15;3185792
[[(0,1),(1,4),(0,3),(1,4)],[(3,1),(2,1),(3,4),(2,1)],[(2,4),(3,1),(2,1),(3,2)],[(1,3),(0,2),(1,1),(0,3)],[(2,3),(3,3),(2,3)],[(0,3),(1,3),(0,1)]];22;4;6;52;3916;16;9292;15;3041667
[[(2,4),(3,1),(2,2),(3,1)],[(0,2),(1,4),(0,4)],[(2,3),(3,4),(2,3)],[(1,1),(0,3),(1,4),(0,2)],[(0,4),(1,2),(0,1),(1,3)],[(3,3),(2,4),(3,4),(2,1)]];22;4;6;60;3750;17;11334;17;3301750
[[(3,2),(0,4),(3,4),(0,3)],[(1,2),(2,2),(1,4),(2,1)],[(2,2),(1,4),(2,4)],[(0,2),(3,1),(0,2),(3,3)],[(2,3),(1,1),(2,1),(1,4)],[(3,1),(0,1),(3,3)]];22;4;6;54;9083;16;8500;15;2817292
[[(2,4),(3,2),(2,2),(3,1)],[(2,2),(3,3),(2,3)],[(1,2),(0,2),(1,4),(0,4)],[(0,3),(1,2),(0,2),(1,4)],[(0,4),(1,1),(0,1)],[(3,2),(2,2),(3,2),(2,2)]];22;4;6;54;3125;17;11292;16;2931875
[[(0,1),(2,1),(0,3)],[(0,3),(2,4),(0,4),(2,2)],[(1,3),(3,2),(1,1),(3,1)],[(3,2),(1,4),(3,3),(1,3)],[(2,2),(0,2),(2,2),(0,3)],[(1,4),(3,3),(1,4)]];22;4;6;57;11958;19;10042;19;3118958
[[(0,2),(3,2),(0,3),(3,1)],[(1,3),(2,2),(1,3),(2,1)],[(0,3),(3,3),(0,1)],[(2,4),(1,3),(2,4),(1,2)],[(3,1),(0,2),(3,1),(0,2)],[(1,2),(2,2),(1,2)]];22;4;6;49;4000;15;11958;15;3141750
[[(2,2),(0,1),(2,1),(0,3)],[(3,2),(1,4),(3,3)],[(0,2),(2,3),(0,4),(2,1)],[(0,2),(2,1),(0,2)],[(3,4),(1,4),(3,1),(1,4)],[(1,4),(3,3),(1,4),(3,2)]];22;4;6;57;8416;20;12625;20;3090084
[[(1,2),(0,4),(1,4),(0,3)],[(3,1),(2,3),(3,3)],[(2,2),(3,2),(2,2),(3,1)],[(0,4),(1,2),(0,3),(1,4)],[(1,3),(0,2),(1,4)],[(3,3),(2,1),(3,2),(2,4)]];22;4;6;59;4167;20;21042;19;3172459
[[(0,4),(1,1),(0,2)],[(0,1),(1,4),(0,4),(1,3)],[(2,1),(3,4),(2,3),(3,4)],[(3,4),(2,4),(3,1)],[(1,4),(0,1),(1,4),(0,2)],[(3,3),(2,1),(3,2),(2,2)]];22;4;6;59;15208;18;9125;18;3093458
[[(1,4),(2,4),(1,4)],[(2,4),(1,3),(2,1),(1,3)],[(0,3),(3,2),(0,4)],[(0,3),(3,1),(0,2),(3,1)],[(3,2),(0,3),(3,1),(0,3)],[(1,3),(2,1),(1,4),(2,1)]];22;4;6;57;3416;21;19208;21;3014667
[[(2,1),(1,1),(2,3),(1,1)],[(0,4),(3,2),(0,3)],[(2,2),(1,2),(2,2)],[(1,1),(2,2),(1,3),(2,3)],[(3,1),(0,3),(3,1),(0,4)],[(0,1),(3,3),(0,2),(3,2)]];22;4;6;47;3500;17;18375;17;3164833
[[(2,4),(3,1),(2,2)],[(0,4),(1,1),(0,1),(1,2)],[(3,1),(2,4),(3,4),(2,4)],[(1,1),(0,4),(1,1),(0,4)],[(2,2),(3,3),(2,3),(3,2)],[(0,2),(1,3),(0,1)]];22;4;6;54;4292;19;12458;19;3190542
[[(1,4),(2,4),(1,2),(2,2)],[(0,3),(3,4),(0,4)],[(0,4),(3,3),(0,4),(3,1)],[(3,2),(0,4),(3,2),(0,2)],[(1,3),(2,4),(1,3)],[(2,2),(1,2),(2,3),(1,4)]];22;4;6;66;3917;21;19416;21;3349667
[[(1,4),(0,4),(1,4)],[(3,2),(2,4),(3,2),(2,4)],[(2,2),(3,1),(2,2)],[(2,4),(3,1),(2,1),(3,2)],[(1,3),(0,4),(1,4),(0,4)],[(0,4),(1,1),(0,3),(1,4)]];22;4;6;64;3375;20;11834;20;3036625
[[(3,2),(2,1),(3,4),(2,2)],[(0,4),(1,2),(0,3),(1,2)],[(2,2),(3,2),(2,4),(3,4)],[(1,3),(0,2),(1,4),(0,2)],[(3,1),(2,4),(3,2)],[(0,1),(1,2),(0,3)]];22;4;6;56;4000;15;13333;15;3199084
[[(0,4),(3,1),(0,1),(3,2)],[(2,3),(1,2),(2,2),(1,1)],[(1,2),(2,2),(1,1),(2,2)],[(3,3),(0,4),(3,4),(0,3)],[(2,2),(1,1),(2,3)],[(3,4),(0,2),(3,3)]];22;4;6;52;3417;17;10542;17;3132791
[[(3,3),(0,3),(3,3),(0,1)],[(0,3),(3,3),(0,3),(3,1)],[(2,2),(1,1),(2,3),(1,1)],[(3,1),(0,1),(3,2)],[(1,4),(2,3),(1,2)],[(1,2),(2,1),(1,1),(2,4)]];22;4;6;48;5125;15;23375;14;3212167
[[(0,1),(2,1),(0,4),(2,3)],[(3,2),(1,1),(3,3)],[(1,1),(3,1),(1,3),(3,2)],[(3,1),(1,2),(3,1),(1,4)],[(2,1),(0,4),(2,4),(0,4)],[(2,1),(0,3),(2,4)]];22;4;6;51;3459;16;8125;16;3011667
[[(1,4),(3,1),(1,4)],[(0,4),(2,3),(0,2),(2,2)],[(3,3),(1,4),(3,1),(1,2)],[(2,1),(0,2),(2,1)],[(1,4),(3,4),(1,4),(3,2)],[(2,1),(0,2),(2,4),(0,3)]];22;4;6;58;4458;22;12709;22;3334792
[[(0,1),(3,1),(0,1),(3,3)],[(2,4),(1,4),(2,1),(1,3)],[(3,4),(0,3),(3,3)],[(1,3),(2,3),(1,3)],[(3,2),(0,2),(3,1),(0,4)],[(1,3),(2,3),(1,1),(2,1)]];22;4;6;54;3542;17;10167;17;3065750
[[(1,1),(2,2),(1,2),(2,1)],[(0,2),(3,2),(0,3),(3,4)],[(3,3),(0,4),(3,1),(0,4)],[(3,1),(0,4),(3,1)],[(2,2),(1,2),(2,2)],[(2,1),(1,1),(2,3),(1,4)]];22;4;6;50;3625;18;16792;17;3242750
[[(2,4),(3,1),(2,1)],[(0,2),(1,2),(0,1)],[(2,1),(3,2),(2,4),(3,3)],[(0,1),(1,1),(0,4),(1,1)],[(1,1),(0,4),(1,2),(0,3)],[(3,3),(2,2),(3,4),(2,3)]];22;4;6;50;3459;15;8708;15;3234000
[[(0,4),(2,4),(0,2)],[(3,2),(1,3),(3,1),(1,1)],[(0,1),(2,3),(0,2),(2,1)],[(1,3),(3,2),(1,3),(3,4)],[(1,4),(3,1),(1,1)],[(2,2),(0,2),(2,4),(0,3)]];22;4;6;53;4083;18;17708;15;3147875
[[(1,1),(2,1),(1,2),(2,3)],[(3,3),(0,3),(3,4),(0,2)],[(0,3),(3,1),(0,2),(3,2)],[(2,4),(1,3),(2,3),(1,3)],[(0,2),(3,4),(0,1)],[(1,2),(2,2),(1,1)]];22;4;6;52;3875;15;8875;14;3084417
[[(1,1),(0,2),(1,3)],[(3,4),(2,2),(3,1),(2,1)],[(2,2),(3,2),(2,3),(3,3)],[(0,2),(1,3),(0,4),(1,1)],[(2,2),(3,4),(2,4)],[(1,4),(0,2),(1,1),(0,1)]];22;4;6;52;3583;15;14500;15;3138000
[[(3,1),(1,4),(3,1),(1,4)],[(1,4),(3,1),(1,2)],[(0,1),(2,3),(0,4)],[(2,3),(0,4),(2,1),(0,3)],[(0,3),(2,3),(0,2),(2,3)],[(1,4),(3,2),(1,3),(3,1)]];22;4;6;57;7708;21;9417;21;3350916
[[(3,3),(1,2),(3,4),(1,2)],[(2,4),(0,1),(2,2),(0,4)],[(3,3),(1,3),(3,1)],[(0,4),(2,3),(0,3),(2,1)],[(1,4),(3,1),(1,3),(3,3)],[(2,1),(0,1),(2,1)]];22;4;6;54;3750;15;13250;15;3159834
[[(0,4),(3,2),(0,3)],[(1,2),(2,2),(1,3),(2,4)],[(1,4),(2,4),(1,1)],[(0,2),(3,2),(0,3),(3,3)],[(2,1),(1,4),(2,2),(1,3)],[(3,2),(0,3),(3,1),(0,1)]];22;4;6;56;3834;18;8583;17;3096917
[[(0,4),(2,3),(0,2),(2,2)],[(3,2),(1,1),(3,2)],[(2,2),(0,2),(2,4),(0,2)],[(3,2),(1,1),(3,2),(1,2)],[(1,2),(3,1),(1,3),(3,2)],[(0,4),(2,1),(0,3)]];22;4;6;49;3709;17;12584;17;3097666
[[(1,1),(2,2),(1,3),(2,2)],[(3,3),(0,4),(3,1),(0,4)],[(2,4),(1,2),(2,2),(1,1)],[(2,2),(1,2),(2,1)],[(0,1),(3,4),(0,3),(3,3)],[(0,3),(3,2),(0,2)]];22;4;6;52;3542;17;8167;17;3119084
[[(1,4),(3,3),(1,2)],[(3,1),(1,2),(3,4),(1,4)],[(0,2),(2,4),(0,1),(2,2)],[(1,2),(3,3),(1,4),(3,3)],[(2,2),(0,4),(2,1),(0,2)],[(0,4),(2,3),(0,2)]];22;4;6;59;4000;18;14167;18;3045875
[[(1,4),(3,4),(1,1),(3,2)],[(2,2),(0,1),(2,3),(0,3)],[(1,4),(3,4),(1,4)],[(3,1),(1,3),(3,4),(1,4)],[(0,4),(2,3),(0,4),(2,2)],[(0,1),(2,1),(0,4)]];22;4;6;63;3750;20;8750;20;3005834
[[(0,2),(1,3),(0,1),(1,1)],[(0,2),(1,3),(0,4)],[(2,2),(3,3),(2,2)],[(2,1),(3,4),(2,3),(3,3)],[(3,3),(2,4),(3,2),(2,2)],[(1,2),(0,1),(1,1),(0,1)]];22;4;6;50;4250;16;20541;15;3138833
[[(0,2),(2,4),(0,1),(2,4)],[(1,1),(3,3),(1,4)],[(3,2),(1,4),(3,4),(1,3)],[(2,2),(0,4),(2,4),(0,2)],[(0,4),(2,3),(0,2)],[(1,1),(3,1),(1,4),(3,2)]];22;4;6;61;3750;18;8333;17;3324709
[[(2,1),(3,3),(2,2),(3,3)],[(1,4),(0,4),(1,3),(0,3)],[(0,1),(1,3),(0,2),(1,2)],[(2,4),(3,4),(2,4)],[(3,3),(2,1),(3,3),(2,3)],[(0,2),(1,1),(0,4)]];22;4;6;60;3958;17;14833;17;3201375
[[(3,3),(0,1),(3,4),(0,1)],[(2,1),(1,1),(2,2)],[(0,3),(3,3),(0,2),(3,3)],[(3,2),(0,2),(3,3)],[(2,2),(1,2),(2,4),(1,2)],[(1,2),(2,4),(1,3),(2,4)]];22;4;6;54;4625;18;10750;18;3223667
[[(3,2),(1,3),(3,4)],[(1,2),(3,1),(1,3),(3,4)],[(0,2),(2,3),(0,1),(2,1)],[(2,2),(0,2),(2,4),(0,3)],[(0,2),(2,3),(0,1)],[(3,4),(1,2),(3,4),(1,1)]];22;4;6;54;4250;19;16417;19;3274042
[[(0,1),(1,1),(0,3),(1,3)],[(0,4),(1,3),(0,4)],[(3,2),(2,4),(3,4),(2,4)],[(2,3),(3,2),(2,1),(3,1)],[(1,3),(0,4),(1,3),(0,4)],[(2,1),(3,3),(2,4)]];22;4;6;62;3708;20;9625;20;3361792
[[(0,2),(2,1),(0,1),(2,1)],[(1,3),(3,2),(1,3),(3,1)],[(2,3),(0,4),(2,3),(0,3)],[(3,2),(1,2),(3,3),(1,2)],[(0,1),(2,4),(0,4)],[(1,4),(3,1),(1,4)]];22;4;6;54;4000;18;15792;18;3000209
[[(2,2),(3,3),(2,1),(3,3)],[(1,1),(0,1),(1,2),(0,1)],[(1,1),(0,1),(1,1)],[(0,1),(1,3),(0,4),(1,1)],[(2,2),(3,3),(2,2)],[(3,1),(2,4),(3,3),(2,4)]];22;4;6;45;4209;15;9958;15;3173500
[[(2,1),(0,3),(2,2),(0,3)],[(1,1),(3,2),(1,2),(3,1)],[(0,4),(2,2),(0,1),(2,3)],[(3,2),(1,2),(3,1),(1,1)],[(3,4),(1,2),(3,3)],[(2,4),(0,1),(2,4)]];22;4;6;49;3791;16;23875;16;3046542
[[(3,4),(0,3),(3,3),(0,1)],[(0,4),(3,2),(0,4),(3,4)],[(1,2),(2,3),(1,1),(2,3)],[(2,3),(1,3),(2,3),(1,2)],[(0,4),(3,3),(0,2)],[(2,1),(1,3),(2,1)]];22;4;6;59;3292;19;12042;19;3257292
[[(0,1),(1,2),(0,3),(1,2)],[(1,4),(0,3),(1,1),(0,3)],[(3,1),(2,3),(3,3),(2,4)],[(1,3),(0,4),(1,2)],[(2,2),(3,4),(2,2)],[(2,4),(3,4),(2,1),(3,3)]];22;4;6;59;14000;17;12459;17;3348750
[[(2,2),(3,3),(2,3)],[(0,3),(1,4),(0,2)],[(0,2),(1,2),(0,4),(1,1)],[(3,3),(2,3),(3,3),(2,3)],[(2,4),(3,1),(2,4),(3,2)],[(1,4),(0,1),(1,3),(0,3)]];22;4;6;60;4333;19;12292;19;3026458
[[(0,4),(3,2),(0,2),(3,3)],[(0,3),(3,1),(0,4)],[(2,4),(1,2),(2,4),(1,3)],[(1,3),(2,2),(1,3)],[(3,2),(0,1),(3,2),(0,2)],[(1,4),(2,2),(1,4),(2,4)]];22;4;6;61;4458;20;14750;19;3196000
[[(1,3),(2,2),(1,3),(2,3)],[(1,1),(2,4),(1,3)],[(0,1),(3,2),(0,4)],[(2,3),(1,2),(2,4),(1,1)],[(0,3),(3,3),(0,4),(3,2)],[(3,2),(0,4),(3,2),(0,4)]];22;4;6;60;4167;20;13833;20;3077375
[[(0,1),(1,4),(0,3)],[(0,2),(1,2),(0,2),(1,4)],[(2,2),(3,4),(2,2),(3,3)],[(2,2),(3,4),(2,2)],[(1,2),(0,3),(1,4),(0,3)],[(3,4),(2,1),(3,3),(2,4)]];22;4;6;61;3209;19;18917;18;3127541
[[(3,1),(2,1),(3,2),(2,4)],[(0,1),(1,3),(0,2),(1,1)],[(1,4),(0,1),(1,4),(0,1)],[(1,3),(0,4),(1,3)],[(2,3),(3,3),(2,3)],[(2,2),(3,3),(2,3),(3,1)]];22;4;6;53;4250;18;12542;18;3170250
[[(1,4),(3,2),(1,1),(3,1)],[(2,4),(0,1),(2,2),(0,1)],[(0,4),(2,4),(0,2),(2,2)],[(3,3),(1,1),(3,1),(1,1)],[(2,3),(0,1),(2,3)],[(3,4),(1,1),(3,3)]];22;4;6;49;5334;18;18417;18;3401709
[[(2,4),(3,3),(2,1)],[(1,1),(0,1),(1,4),(0,2)],[(1,2),(0,4),(1,2)],[(3,2),(2,1),(3,2),(2,2)],[(2,3),(3,1),(2,2),(3,3)],[(0,1),(1,3),(0,2),(1,4)]];22;4;6;50;5125;16;10833;16;3179709
[[(0,1),(3,4),(0,2)],[(1,2),(2,1),(1,4),(2,3)],[(2,2),(1,2),(2,4),(1,1)],[(3,3),(0,1),(3,4),(0,2)],[(1,1),(2,2),(1,1)],[(0,4),(3,1),(0,1),(3,2)]];22;4;6;48;5417;14;21750;14;2817250
[[(0,2),(1,3),(0,4),(1,1)],[(0,3),(1,4),(0,4)],[(2,2),(3,2),(2,2),(3,4)],[(3,2),(2,2),(3,1),(2,1)],[(1,3),(0,4),(1,1),(0,2)],[(2,1),(3,4),(2,1)]];22;4;6;53;4417;19;11458;19;3071375
[[(2,4),(1,3),(2,1),(1,1)],[(0,4),(3,4),(0,1)],[(0,1),(3,4),(0,1),(3,3)],[(3,3),(0,4),(3,1),(0,1)],[(1,4),(2,4),(1,4),(2,1)],[(1,2),(2,2),(1,2)]];22;4;6;55;3750;16;14667;16;3047084
[[(0,2),(3,3),(0,2),(3,4)],[(2,3),(1,1),(2,3),(1,1)],[(1,1),(2,4),(1,2),(2,1)],[(3,3),(0,4),(3,4),(0,4)],[(2,3),(1,2),(2,1)],[(0,3),(3,2),(0,1)]];22;4;6;54;4083;17;9625;17;3132541
[[(1,1),(3,4),(1,4),(3,2)],[(2,2),(0,4),(2,1)],[(1,2),(3,1),(1,3)],[(2,2),(0,4),(2,2),(0,1)],[(3,2),(1,1),(3,4),(1,2)],[(0,1),(2,4),(0,2),(2,1)]];22;4;6;50;4042;15;16917;13;3250875
[[(1,2),(3,1),(1,3)],[(1,2),(3,3),(1,2),(3,1)],[(0,2),(2,2),(0,3),(2,2)],[(2,2),(0,3),(2,3)],[(3,1),(1,1),(3,4),(1,4)],[(2,3),(0,2),(2,2),(0,2)]];22;4;6;50;3291;15;10541;14;3278792
[[(2,1),(0,4),(2,1)],[(3,2),(1,3),(3,1),(1,4)],[(1,1),(3,1),(1,2),(3,2)],[(0,2),(2,3),(0,4),(2,2)],[(3,2),(1,4),(3,1)],[(2,1),(0,2),(2,4),(0,4)]];22;4;6;51;3125;16;12583;16;3154209
[[(0,4),(1,2),(0,1)],[(2,3),(3,2),(2,1)],[(0,1),(1,3),(0,1),(1,2)],[(1,1),(0,4),(1,4),(0,1)],[(2,3),(3,3),(2,1),(3,1)],[(3,3),(2,4),(3,1),(2,4)]];22;4;6;50;7875;16;10375;16;3157583
[[(0,2),(1,3),(0,4),(1,3)],[(3,4),(2,1),(3,3),(2,2)],[(3,1),(2,2),(3,1)],[(2,4),(3,1),(2,2),(3,3)],[(1,4),(0,3),(1,4),(0,4)],[(1,1),(0,1),(1,2)]];22;4;6;55;3333;17;19583;17;3075917
[[(2,2),(0,4),(2,4)],[(1,2),(3,3),(1,4),(3,4)],[(2,1),(0,3),(2,1),(0,4)],[(3,4),(1,3),(3,2)],[(3,3),(1,3),(3,2),(1,2)],[(0,4),(2,1),(0,4),(2,1)]];22;4;6;61;3292;19;8333;19;3235041
[[(2,3),(3,3),(2,3),(3,4)],[(1,2),(0,4),(1,2)],[(1,4),(0,3),(1,3),(0,1)],[(3,4),(2,4),(3,1),(2,3)],[(0,1),(1,1),(0,1),(1,3)],[(2,2),(3,4),(2,2)]];22;4;6;58;4250;17;14583;17;3156541
[[(1,4),(2,2),(1,4)],[(1,3),(2,2),(1,1),(2,1)],[(3,2),(0,1),(3,1),(0,2)],[(0,1),(3,2),(0,4)],[(2,3),(1,2),(2,1),(1,1)],[(0,2),(3,1),(0,1),(3,3)]];22;4;6;44;3250;15;8625;15;3177042
[[(1,1),(0,2),(1,4)],[(3,4),(2,3),(3,1)],[(3,1),(2,3),(3,3),(2,4)],[(1,2),(0,2),(1,2),(0,3)],[(0,1),(1,2),(0,2),(1,2)],[(2,4),(3,1),(2,3),(3,1)]];22;4;6;51;5250;17;14959;17;3065167
[[(1,2),(2,1),(1,1),(2,4)],[(3,2),(0,4),(3,2),(0,1)],[(1,2),(2,2),(1,2)],[(3,3),(0,2),(3,4)],[(0,1),(3,4),(0,2),(3,3)],[(2,2),(1,4),(2,4),(1,1)]];22;4;6;53;3667;18;8542;18;2962916
[[(3,4),(2,3),(3,2)],[(3,3),(2,1),(3,2),(2,4)],[(1,1),(0,2),(1,2)],[(1,4),(0,4),(1,1),(0,3)],[(0,4),(1,4),(0,3),(1,2)],[(2,4),(3,1),(2,3),(3,1)]];22;4;6;58;3417;16;10875;16;3190541
[[(1,1),(2,4),(1,1)],[(1,3),(2,4),(1,1),(2,3)],[(3,2),(0,3),(3,3),(0,4)],[(0,3),(3,2),(0,4),(3,1)],[(2,1),(1,1),(2,4),(1,2)],[(3,4),(0,2),(3,4)]];22;4;6;57;10917;16;9333;16;3135625
[[(3,1),(2,1),(3,2),(2,3)],[(2,2),(3,4),(2,3),(3,3)],[(0,4),(1,3),(0,3),(1,3)],[(3,3),(2,2),(3,2)],[(1,1),(0,3),(1,1),(0,1)],[(1,3),(0,3),(1,2)]];22;4;6;53;8250;16;19750;15;3191041
[[(0,1),(2,1),(0,4),(2,2)],[(1,1),(3,1),(1,3),(3,3)],[(3,2),(1,1),(3,4),(1,1)],[(2,4),(0,4),(2,2)],[(3,4),(1,4),(3,3)],[(2,4),(0,2),(2,4),(0,4)]];22;4;6;59;3209;19;12208;18;3300667
[[(3,1),(1,3),(3,1)],[(1,1),(3,4),(1,3),(3,4)],[(3,3),(1,3),(3,2),(1,1)],[(0,4),(2,2),(0,2),(2,3)],[(2,4),(0,1),(2,3),(0,4)],[(0,1),(2,2),(0,2)]];22;4;6;54;4291;15;14125;15;3109750
[[(1,3),(2,4),(1,2),(2,4)],[(2,3),(1,3),(2,3),(1,4)],[(0,2),(3,1),(0,1)],[(0,2),(3,3),(0,3),(3,1)],[(2,1),(1,4),(2,2)],[(3,1),(0,3),(3,3),(0,2)]];22;4;6;55;8083;17;8417;17;3096041
[[(1,3),(3,4),(1,3),(3,4)],[(0,4),(2,3),(0,1),(2,2)],[(3,1),(1,2),(3,2)],[(3,1),(1,2),(3,3),(1,3)],[(2,3),(0,3),(2,4),(0,2)],[(0,4),(2,4),(0,1)]];22;4;6;59;3917;18;11583;17;3218541
[[(2,4),(1,3),(2,1)],[(1,3),(2,1),(1,1),(2,4)],[(0,1),(3,1),(0,1)],[(0,3),(3,2),(0,1),(3,1)],[(2,2),(1,1),(2,2),(1,3)],[(3,2),(0,2),(3,3),(0,2)]];22;4;6;44;13833;14;9750;14;3195167
[[(3,1),(0,3),(3,2)],[(1,3),(2,3),(1,3)],[(2,1),(1,2),(2,3),(1,1)],[(1,3),(2,4),(1,4),(2,1)],[(0,3),(3,2),(0,4),(3,1)],[(3,3),(0,2),(3,2),(0,3)]];22;4;6;54;4042;16;15125;16;3004458
[[(0,4),(3,1),(0,4),(3,4)],[(3,3),(0,4),(3,2)],[(2,2),(1,1),(2,3)],[(3,3),(0,1),(3,4),(0,1)],[(2,3),(1,2),(2,1),(1,2)],[(1,1),(2,2),(1,3),(2,1)]];22;4;6;52;3959;18;11625;17;3222792
[[(3,3),(1,1),(3,2),(1,2)],[(0,3),(2,1),(0,2)],[(0,4),(2,2),(0,2),(2,3)],[(2,1),(0,1),(2,2),(0,2)],[(1,2),(3,2),(1,4),(3,3)],[(1,3),(3,4),(1,1)]];22;4;6;50;3792;15;16000;14;3334791
[[(1,1),(3,3),(1,1)],[(2,4),(0,4),(2,2),(0,3)],[(3,4),(1,4),(3,1),(1,2)],[(0,1),(2,4),(0,2),(2,2)],[(0,2),(2,4),(0,2)],[(1,3),(3,1),(1,4),(3,2)]];22;4;6;56;4583;17;13542;16;3366916
[[(2,1),(0,3),(2,3)],[(3,3),(1,4),(3,3)],[(0,2),(2,3),(0,2),(2,4)],[(3,4),(1,1),(3,2),(1,4)],[(1,3),(3,1),(1,1),(3,3)],[(2,1),(0,2),(2,4),(0,2)]];22;4;6;56;10334;17;8959;16;3090167
[[(3,1),(0,1),(3,4),(0,3)],[(3,2),(0,2),(3,1)],[(0,2),(3,1),(0,4),(3,1)],[(1,4),(2,3),(1,3)],[(1,4),(2,2),(1,2),(2,3)],[(2,4),(1,4),(2,4),(1,1)]];22;4;6;56;4208;20;17709;18;3276584
[[(1,4),(3,3),(1,2),(3,1)],[(0,4),(2,2),(0,4)],[(2,1),(0,1),(2,4),(0,3)],[(3,1),(1,4),(3,4),(1,3)],[(3,2),(1,2),(3,1)],[(0,2),(2,3),(0,4),(2,4)]];22;4;6;59;7625;19;8458;18;3000041
[[(3,2),(0,1),(3,1)],[(2,4),(1,2),(2,4)],[(2,1),(1,3),(2,4),(1,4)],[(1,4),(2,2),(1,2),(2,2)],[(0,1),(3,1),(0,3),(3,4)],[(3,3),(0,2),(3,4),(0,3)]];22;4;6;57;3958;19;13000;17;3005583
[[(2,4),(1,2),(2,3),(1,3)],[(0,1),(3,3),(0,1),(3,1)],[(2,4),(1,1),(2,1)],[(0,4),(3,1),(0,2)],[(3,4),(0,2),(3,4),(0,1)],[(1,1),(2,1),(1,1),(2,3)]];22;4;6;48;10208;16;8875;16;2922125
[[(1,4),(3,2),(1,4)],[(2,3),(0,3),(2,3),(0,3)],[(2,4),(0,3),(2,3)],[(3,4),(1,1),(3,2),(1,1)],[(1,3),(3,1),(1,3),(3,3)],[(0,4),(2,1),(0,3),(2,1)]];22;4;6;59;4208;18;13750;16;3132417
[[(2,3),(3,1),(2,3),(3,1)],[(3,4),(2,1),(3,4)],[(1,4),(0,1),(1,2),(0,1)],[(0,4),(1,3),(0,3),(1,3)],[(3,1),(2,3),(3,3),(2,4)],[(0,2),(1,4),(0,2)]];22;4;6;57;13292;17;8709;16;3063833
[[(3,4),(1,3),(3,3),(1,2)],[(1,4),(3,1),(1,1),(3,3)],[(2,4),(0,3),(2,4),(0,1)],[(3,1),(1,3),(3,1)],[(0,1),(2,3),(0,3),(2,1)],[(2,2),(0,2),(2,2)]];22;4;6;52;4250;16;11375;16;3114333
[[(1,2),(0,1),(1,1),(0,2)],[(0,3),(1,4),(0,1),(1,3)],[(1,4),(0,1),(1,2)],[(3,3),(2,3),(3,3),(2,1)],[(2,1),(3,1),(2,3),(3,1)],[(2,3),(3,3),(2,1)]];22;4;6;47;13875;16;8250;16;3091458
[[(2,4),(0,4),(2,1),(0,1)],[(3,1),(1,3),(3,1),(1,2)],[(2,3),(0,4),(2,1)],[(1,2),(3,4),(1,1)],[(1,2),(3,4),(1,1),(3,1)],[(0,3),(2,3),(0,3),(2,4)]];22;4;6;53;4542;19;16625;16;3287042
[[(2,4),(1,2),(2,2),(1,1)],[(1,2),(2,3),(1,4)],[(1,2),(2,3),(1,2),(2,3)],[(3,3),(0,4),(3,3),(0,4)],[(0,4),(3,3),(0,2),(3,2)],[(3,4),(0,4),(3,1)]];22;4;6;62;8000;18;12166;18;3125500
[[(0,4),(1,2),(0,1)],[(3,2),(2,1),(3,1),(2,4)],[(0,4),(1,2),(0,4),(1,4)],[(3,4),(2,3),(3,2)],[(2,2),(3,2),(2,3),(3,3)],[(1,4),(0,4),(1,2),(0,2)]];22;4;6;60;4416;21;14833;19;3236625
[[(3,1),(0,2),(3,4)],[(0,4),(3,4),(0,1),(3,4)],[(1,4),(2,1),(1,1)],[(3,1),(0,2),(3,3),(0,3)],[(2,2),(1,1),(2,3),(1,2)],[(1,4),(2,2),(1,4),(2,3)]];22;4;6;56;4000;19;16250;18;3159084
[[(2,2),(3,2),(2,2),(3,3)],[(3,3),(2,2),(3,2),(2,1)],[(2,1),(3,1),(2,3)],[(1,1),(0,4),(1,4),(0,1)],[(0,1),(1,4),(0,1)],[(0,4),(1,4),(0,4),(1,4)]];22;4;6;54;3458;18;15375;17;3128167
[[(1,1),(0,3),(1,3),(0,2)],[(0,3),(1,2),(0,2),(1,1)],[(1,4),(0,1),(1,4)],[(3,2),(2,1),(3,4)],[(3,4),(2,1),(3,3),(2,2)],[(2,2),(3,3),(2,3),(3,4)]];22;4;6;55;4041;20;16792;20;3129375
[[(3,2),(2,3),(3,1),(2,2)],[(1,1),(0,3),(1,2),(0,4)],[(3,2),(2,2),(3,3)],[(0,1),(1,3),(0,2),(1,3)],[(0,1),(1,1),(0,3)],[(2,2),(3,3),(2,3),(3,3)]];22;4;6;50;6542;14;11209;14;3113167
[[(0,4),(3,4),(0,4)],[(0,1),(3,4),(0,2),(3,3)],[(1,2),(2,1),(1,4),(2,3)],[(1,1),(2,2),(1,4)],[(3,3),(0,1),(3,3),(0,2)],[(2,3),(1,3),(2,2),(1,1)]];22;4;6;57;4125;18;15959;17;3220125
[[(3,4),(2,1),(3,4),(2,1)],[(2,3),(3,4),(2,2),(3,1)],[(3,1),(2,1),(3,4)],[(0,3),(1,2),(0,3),(1,2)],[(1,1),(0,3),(1,2),(0,1)],[(1,2),(0,4),(1,4)]];22;4;6;53;3667;18;13875;18;3145917
[[(0,2),(1,4),(0,3),(1,2)],[(3,1),(2,3),(3,2),(2,4)],[(1,4),(0,4),(1,4),(0,1)],[(1,1),(0,1),(1,1)],[(3,4),(2,1),(3,4)],[(2,1),(3,2),(2,4),(3,1)]];22;4;6;54;3750;16;12625;16;3002416
[[(0,2),(1,3),(0,4),(1,3)],[(1,3),(0,2),(1,3),(0,4)],[(3,4),(2,1),(3,2)],[(3,3),(2,2),(3,1),(2,2)],[(1,4),(0,1),(1,2)],[(2,3),(3,3),(2,2),(3,4)]];22;4;6;58;4584;18;12417;18;3032208
[[(2,2),(0,4),(2,1)],[(3,1),(1,3),(3,4)],[(3,1),(1,3),(3,1),(1,4)],[(0,3),(2,2),(0,2),(2,2)],[(2,3),(0,3),(2,4),(0,4)],[(1,1),(3,2),(1,2),(3,4)]];22;4;6;56;3416;18;12167;16;3229666
[[(0,1),(3,4),(0,4),(3,2)],[(2,4),(1,4),(2,4),(1,4)],[(1,4),(2,1),(1,4),(2,3)],[(3,1),(0,2),(3,3),(0,2)],[(0,3),(3,2),(0,2)],[(2,3),(1,2),(2,3)]];22;4;6;62;3542;18;11250;18;3179417
[[(2,1),(0,2),(2,4),(0,2)],[(1,2),(3,2),(1,4),(3,3)],[(0,3),(2,2),(0,3)],[(0,1),(2,1),(0,2),(2,4)],[(1,3),(3,4),(1,3)],[(3,4),(1,2),(3,1),(1,4)]];22;4;6;57;3333;18;11334;18;2895208
[[(2,4),(0,1),(2,2)],[(1,1),(3,2),(1,1),(3,2)],[(0,2),(2,1),(0,4),(2,2)],[(2,3),(0,2),(2,2),(0,3)],[(3,1),(1,1),(3,3),(1,3)],[(3,4),(1,3),(3,3)]];22;4;6;50;4417;16;9584;15;3168625
[[(3,3),(0,1),(3,3),(0,1)],[(1,4),(2,1),(1,4)],[(3,3),(0,1),(3,2)],[(1,3),(2,2),(1,4),(2,2)],[(2,3),(1,4),(2,3),(1,2)],[(0,1),(3,2),(0,3),(3,2)]];22;4;6;54;3041;21;11916;21;3025417
[[(1,1),(2,1),(1,2),(2,1)],[(1,1),(2,1),(1,3)],[(0,4),(3,2),(0,3)],[(0,4),(3,3),(0,2),(3,2)],[(3,2),(0,3),(3,2),(0,3)],[(2,3),(1,4),(2,2),(1,1)]];22;4;6;50;7875;19;8541;19;2977083
[[(2,2),(1,1),(2,2),(1,3)],[(3,3),(0,4),(3,2)],[(0,4),(3,2),(0,4),(3,3)],[(1,3),(2,2),(1,3),(2,1)],[(3,4),(0,3),(3,1),(0,2)],[(2,3),(1,1),(2,1)]];22;4;6;54;4167;18;12042;17;3116417
[[(0,1),(3,4),(0,4)],[(2,4),(1,2),(2,2),(1,1)],[(1,4),(2,3),(1,4),(2,1)],[(0,2),(3,4),(0,4),(3,2)],[(3,1),(0,1),(3,2),(0,3)],[(1,1),(2,1),(1,2)]];22;4;6;53;8417;16;12292;16;3146208
[[(0,2),(2,1),(0,2),(2,2)],[(1,2),(3,1),(1,1),(3,1)],[(2,2),(0,2),(2,3)],[(2,3),(0,2),(2,2),(0,1)],[(3,2),(1,1),(3,4)],[(3,3),(1,1),(3,4),(1,4)]];22;4;6;46;4167;18;28333;15;3239333
[[(1,3),(3,4),(1,2),(3,3)],[(2,3),(0,1),(2,2),(0,1)],[(2,3),(0,3),(2,1)],[(3,2),(1,1),(3,1)],[(0,4),(2,3),(0,3),(2,1)],[(3,1),(1,1),(3,1),(1,1)]];22;4;6;45;3667;13;8667;13;3204459
[[(2,1),(1,3),(2,1)],[(3,1),(0,4),(3,2),(0,1)],[(0,4),(3,1),(0,1),(3,1)],[(0,3),(3,4),(0,3)],[(1,3),(2,3),(1,4),(2,2)],[(2,2),(1,1),(2,3),(1,2)]];22;4;6;50;3917;16;17583;16;3278333
[[(3,2),(2,4),(3,1),(2,4)],[(3,3),(2,3),(3,1)],[(2,4),(3,1),(2,1),(3,1)],[(0,3),(1,1),(0,1)],[(1,3),(0,2),(1,4),(0,2)],[(0,1),(1,3),(0,3),(1,1)]];22;4;6;49;3417;16;8375;16;3054625
[[(2,4),(3,4),(2,4)],[(0,2),(1,4),(0,2)],[(0,1),(1,2),(0,4),(1,3)],[(1,4),(0,1),(1,4),(0,4)],[(3,2),(2,4),(3,4),(2,3)],[(2,3),(3,3),(2,3),(3,4)]];22;4;6;69;3500;22;13417;21;3286459
[[(1,4),(2,3),(1,4)],[(0,3),(3,3),(0,1),(3,4)],[(2,4),(1,4),(2,1),(1,2)],[(3,2),(0,2),(3,1),(0,3)],[(3,3),(0,4),(3,4)],[(1,1),(2,1),(1,1),(2,2)]];22;4;6;57;3375;17;8417;17;3133917
[[(3,4),(1,4),(3,2)],[(0,3),(2,3),(0,3)],[(3,2),(1,4),(3,3),(1,3)],[(2,3),(0,1),(2,1),(0,4)],[(0,3),(2,3),(0,4),(2,3)],[(1,3),(3,4),(1,2),(3,3)]];22;4;6;65;4083;18;14416;18;3272958
[[(0,3),(1,1),(0,1)],[(3,3),(2,3),(3,4),(2,4)],[(2,1),(3,2),(2,3)],[(2,2),(3,1),(2,2),(3,1)],[(1,2),(0,2),(1,1),(0,4)],[(0,3),(1,3),(0,2),(1,1)]];22;4;6;49;3084;15;7917;15;3078083
[[(3,2),(1,4),(3,4),(1,3)],[(2,3),(0,4),(2,3),(0,3)],[(0,3),(2,3),(0,4),(2,4)],[(0,3),(2,1),(0,3)],[(1,2),(3,1),(1,4),(3,1)],[(1,3),(3,3),(1,3)]];22;4;6;64;4417;20;11416;20;3215667
[[(2,3),(1,4),(2,2),(1,1)],[(2,3),(1,3),(2,2)],[(1,1),(2,3),(1,2),(2,1)],[(3,3),(0,2),(3,2),(0,2)],[(0,3),(3,1),(0,1)],[(0,4),(3,4),(0,2),(3,2)]];22;4;6;51;3417;15;8750;14;3250000
[[(3,3),(2,3),(3,2),(2,4)],[(0,3),(1,1),(0,1),(1,4)],[(2,3),(3,3),(2,2)],[(1,2),(0,4),(1,1),(0,2)],[(2,3),(3,4),(2,3),(3,1)],[(1,1),(0,2),(1,4)]];22;4;6;56;3625;18;14334;18;3147959
[[(0,3),(1,2),(0,3),(1,3)],[(3,4),(2,4),(3,4)],[(1,4),(0,2),(1,1),(0,1)],[(0,3),(1,4),(0,3)],[(2,4),(3,1),(2,2),(3,2)],[(3,1),(2,3),(3,4),(2,4)]];22;4;6;62;8167;20;9042;17;3093875
[[(0,4),(2,3),(0,1),(2,3)],[(2,4),(0,4),(2,1),(0,3)],[(2,1),(0,1),(2,1)],[(1,4),(3,2),(1,1),(3,2)],[(1,2),(3,1),(1,3)],[(3,4),(1,2),(3,3),(1,1)]];22;4;6;51;3917;13;14375;13;3090750
[[(0,3),(2,3),(0,3),(2,1)],[(1,2),(3,1),(1,1)],[(3,4),(1,4),(3,4),(1,1)],[(2,4),(0,2),(2,4),(0,3)],[(2,3),(0,4),(2,2)],[(1,1),(3,3),(1,2),(3,1)]];22;4;6;56;12875;17;8041;17;3218542
[[(3,1),(2,3),(3,4),(2,4)],[(2,4),(3,4),(2,4),(3,1)],[(2,4),(3,2),(2,4)],[(1,3),(0,2),(1,1)],[(1,2),(0,3),(1,1),(0,4)],[(0,2),(1,3),(0,1),(1,1)]];22;4;6;58;6958;23;13750;23;3052833
[[(1,3),(2,3),(1,4)],[(3,3),(0,1),(3,1),(0,3)],[(3,1),(0,2),(3,1)],[(2,4),(1,2),(2,3),(1,2)],[(0,4),(3,3),(0,2),(3,4)],[(1,2),(2,1),(1,3),(2,4)]];22;4;6;56;8625;18;11125;16;2881292
[[(3,1),(2,1),(3,1),(2,3)],[(0,3),(1,1),(0,4),(1,3)],[(2,4),(3,2),(2,2)],[(1,3),(0,3),(1,3)],[(1,1),(0,2),(1,1),(0,2)],[(2,4),(3,4),(2,4),(3,1)]];22;4;6;53;8916;19;12708;18;3261292
[[(0,2),(1,1),(0,3),(1,2)],[(3,3),(2,3),(3,2),(2,1)],[(2,2),(3,2),(2,3),(3,2)],[(3,4),(2,2),(3,4)],[(1,4),(0,1),(1,1),(0,3)],[(1,2),(0,3),(1,4)]];22;4;6;54;7834;17;12416;17;3001292
[[(2,3),(0,3),(2,2),(0,3)],[(3,4),(1,4),(3,3),(1,1)],[(1,2),(3,1),(1,2),(3,2)],[(3,2),(1,4),(3,3)],[(0,3),(2,3),(0,2)],[(0,2),(2,1),(0,4),(2,1)]];22;4;6;55;4958;17;14250;17;3366791
[[(3,1),(0,2),(3,2),(0,1)],[(1,2),(2,1),(1,1),(2,2)],[(3,4),(0,4),(3,1)],[(2,4),(1,1),(2,2)],[(0,4),(3,1),(0,1),(3,3)],[(2,1),(1,4),(2,1),(1,2)]];22;4;6;45;7209;14;8917;12;3141125
[[(2,2),(1,4),(2,2),(1,4)],[(3,3),(0,1),(3,3),(0,3)],[(3,4),(0,3),(3,2)],[(0,3),(3,3),(0,2),(3,4)],[(1,3),(2,3),(1,2),(2,4)],[(2,1),(1,3),(2,4)]];22;4;6;63;4291;19;11833;19;3114042
[[(1,4),(0,1),(1,1),(0,1)],[(3,1),(2,2),(3,3),(2,4)],[(2,2),(3,4),(2,3),(3,4)],[(1,4),(0,2),(1,3)],[(2,4),(3,3),(2,1)],[(0,2),(1,3),(0,2),(1,3)]];22;4;6;57;3667;18;8167;18;3125083
[[(3,4),(2,4),(3,4),(2,2)],[(0,4),(1,3),(0,4)],[(0,3),(1,2),(0,3),(1,3)],[(2,2),(3,4),(2,3),(3,2)],[(2,4),(3,1),(2,2)],[(1,4),(0,4),(1,3),(0,2)]];22;4;6;67;4125;21;12458;20;3204583
[[(1,3),(0,1),(1,1),(0,4)],[(0,3),(1,1),(0,3),(1,1)],[(1,4),(0,2),(1,4)],[(2,4),(3,3),(2,1)],[(2,1),(3,2),(2,3),(3,1)],[(3,3),(2,4),(3,3),(2,2)]];22;4;6;54;10000;16;9959;15;3272125
[[(3,4),(1,3),(3,4),(1,2)],[(0,1),(2,1),(0,1)],[(2,2),(0,2),(2,2),(0,1)],[(3,1),(1,2),(3,1)],[(0,3),(2,4),(0,4),(2,3)],[(1,1),(3,1),(1,2),(3,1)]];22;4;6;46;4541;15;14084;14;3148291
[[(0,3),(1,4),(0,1),(1,4)],[(3,4),(2,4),(3,3)],[(2,4),(3,1),(2,4),(3,2)],[(1,3),(0,3),(1,2),(0,2)],[(3,2),(2,1),(3,4),(2,4)],[(1,1),(0,3),(1,3)]];22;4;6;62;3667;19;12167;18;3128750
[[(0,1),(1,4),(0,4)],[(2,3),(3,3),(2,3)],[(2,2),(3,3),(2,2),(3,4)],[(3,4),(2,2),(3,2),(2,4)],[(1,3),(0,2),(1,2),(0,1)],[(0,1),(1,3),(0,1),(1,3)]];22;4;6;57;4042;16;14291;16;3324542
[[(1,3),(2,1),(1,2)],[(0,2),(3,2),(0,4),(3,1)],[(3,4),(0,2),(3,3),(0,3)],[(3,3),(0,1),(3,2)],[(1,2),(2,2),(1,3),(2,2)],[(2,1),(1,3),(2,3),(1,3)]];22;4;6;52;7500;16;11042;16;3409000
[[(3,2),(0,4),(3,2)],[(2,2),(1,1),(2,4)],[(2,4),(1,4),(2,1),(1,2)],[(0,2),(3,2),(0,2),(3,3)],[(1,3),(2,1),(1,4),(2,3)],[(3,2),(0,2),(3,4),(0,1)]];22;4;6;55;3584;17;13125;16;3349083
[[(0,3),(2,4),(0,1)],[(1,2),(3,3),(1,2)],[(0,1),(2,2),(0,2),(2,2)],[(3,2),(1,3),(3,4),(1,4)],[(1,2),(3,1),(1,4),(3,1)],[(2,4),(0,1),(2,2),(0,2)]];22;4;6;52;8750;17;10417;17;3081708
[[(1,1),(2,1),(1,1),(2,2)],[(0,4),(3,1),(0,3)],[(1,3),(2,2),(1,2)],[(3,4),(0,4),(3,3),(0,1)],[(0,2),(3,2),(0,3),(3,3)],[(2,2),(1,3),(2,3),(1,1)]];22;4;6;51;3708;19;10709;17;3256583
[[(3,3),(2,4),(3,3),(2,4)],[(1,2),(0,2),(1,2),(0,3)],[(2,4),(3,4),(2,2),(3,3)],[(1,1),(0,3),(1,1)],[(2,3),(3,2),(2,3)],[(0,3),(1,3),(0,1),(1,4)]];22;4;6;60;10833;20;9167;20;3142375
[[(2,2),(0,3),(2,1)],[(3,1),(1,3),(3,3)],[(0,2),(2,2),(0,2),(2,4)],[(1,3),(3,2),(1,1),(3,3)],[(3,3),(1,2),(3,4),(1,1)],[(2,3),(0,3),(2,3),(0,3)]];22;4;6;54;4042;16;17041;16;3236542
[[(2,3),(0,3),(2,3),(0,1)],[(1,4),(3,3),(1,3),(3,1)],[(0,1),(2,1),(0,4),(2,1)],[(2,4),(0,4),(2,2)],[(3,4),(1,4),(3,3),(1,3)],[(1,1),(3,4),(1,2)]];22;4;6;59;4250;17;11334;17;3002625
[[(3,2),(1,4),(3,2)],[(2,1),(0,2),(2,2)],[(3,4),(1,1),(3,1),(1,1)],[(1,4),(3,4),(1,2),(3,3)],[(0,1),(2,2),(0,3),(2,1)],[(2,4),(0,3),(2,4),(0,3)]];22;4;6;54;3541;16;16042;16;3166042
[[(1,1),(0,4),(1,1),(0,1)],[(3,1),(2,1),(3,1),(2,1)],[(2,1),(3,3),(2,3)],[(0,3),(1,1),(0,4)],[(0,3),(1,2),(0,1),(1,2)],[(2,1),(3,2),(2,1),(3,2)]];22;4;6;40;4250;17;11875;16;3098292
[[(2,2),(0,2),(2,1)],[(1,4),(3,4),(1,3),(3,1)],[(3,4),(1,4),(3,1),(1,2)],[(0,2),(2,3),(0,3),(2,2)],[(2,2),(0,3),(2,3),(0,2)],[(3,2),(1,2),(3,3)]];22;4;6;55;4750;15;16208;15;3362959
[[(3,4),(0,2),(3,2),(0,3)],[(2,3),(1,4),(2,1)],[(1,4),(2,3),(1,4),(2,2)],[(0,2),(3,2),(0,4),(3,2)],[(3,3),(0,4),(3,3)],[(2,2),(1,3),(2,1),(1,1)]];22;4;6;59;4291;18;18000;16;3747334
[[(3,3),(1,1),(3,4),(1,2)],[(3,2),(1,3),(3,2)],[(0,3),(2,2),(0,2)],[(1,3),(3,3),(1,4),(3,4)],[(0,3),(2,2),(0,2),(2,1)],[(2,1),(0,3),(2,1),(0,1)]];22;4;6;52;3541;18;15708;18;3151667
[[(2,3),(3,4),(2,4),(3,1)],[(0,1),(1,4),(0,3),(1,4)],[(3,1),(2,1),(3,2),(2,4)],[(1,2),(0,3),(1,2)],[(1,4),(0,2),(1,1),(0,1)],[(3,3),(2,4),(3,1)]];22;4;6;55;4708;17;17125;17;3382125
[[(1,4),(3,4),(1,1),(3,2)],[(3,2),(1,4),(3,3),(1,4)],[(1,2),(3,1),(1,3)],[(2,2),(0,2),(2,2),(0,1)],[(0,4),(2,4),(0,2),(2,2)],[(2,3),(0,2),(2,4)]];22;4;6;58;5000;18;14000;18;3368917
[[(3,3),(0,3),(3,1),(0,4)],[(2,1),(1,1),(2,1),(1,4)],[(1,2),(2,2),(1,2),(2,2)],[(0,3),(3,4),(0,2)],[(2,1),(1,2),(2,3)],[(0,3),(3,4),(0,3),(3,1)]];22;4;6;52;3459;18;10625;18;3130084
[[(2,4),(3,1),(2,3),(3,2)],[(1,2),(0,3),(1,3),(0,1)],[(3,1),(2,4),(3,2)],[(0,1),(1,3),(0,1),(1,3)],[(1,1),(0,4),(1,2)],[(3,3),(2,3),(3,3),(2,3)]];22;4;6;53;5417;17;22625;17;3084125
[[(2,3),(0,1),(2,1),(0,1)],[(3,2),(1,4),(3,4)],[(0,1),(2,2),(0,3),(2,4)],[(1,3),(3,2),(1,4),(3,1)],[(3,4),(1,2),(3,4),(1,2)],[(2,3),(0,3),(2,1)]];22;4;6;55;4417;18;17417;17;3368625
[[(0,1),(2,1),(0,3),(2,3)],[(2,3),(0,4),(2,4),(0,2)],[(3,4),(1,1),(3,3),(1,1)],[(3,2),(1,1),(3,2)],[(0,1),(2,3),(0,1)],[(1,2),(3,2),(1,2),(3,3)]];22;4;6;49;5084;16;19542;16;3476459
[[(3,2),(0,4),(3,3)],[(2,3),(1,4),(2,4)],[(3,3),(0,2),(3,2),(0,4)],[(1,4),(2,2),(1,3),(2,1)],[(2,1),(1,4),(2,3),(1,1)],[(0,2),(3,2),(0,3),(3,4)]];22;4;6;61;4334;16;14750;16;3465084
[[(1,1),(2,2),(1,1)],[(0,3),(3,4),(0,1)],[(1,4),(2,4),(1,1),(2,4)],[(3,2),(0,1),(3,1),(0,4)],[(2,4),(1,4),(2,1),(1,2)],[(0,3),(3,1),(0,2),(3,1)]];22;4;6;51;4375;15;17333;15;3362834
[[(1,1),(3,1),(1,4),(3,2)],[(0,4),(2,1),(0,3),(2,4)],[(2,3),(0,1),(2,1)],[(3,2),(1,2),(3,3),(1,4)],[(2,4),(0,2),(2,3),(0,1)],[(3,3),(1,1),(3,3)]];22;4;6;53;3875;16;14333;16;3025167
[[(1,1),(2,3),(1,3),(2,3)],[(0,3),(3,3),(0,1)],[(1,3),(2,2),(1,3)],[(2,4),(1,4),(2,2),(1,3)],[(3,1),(0,4),(3,4),(0,3)],[(0,4),(3,4),(0,1),(3,4)]];22;4;6;63;4709;19;14166;19;3397166
[[(1,1),(2,4),(1,2)],[(0,4),(3,3),(0,3),(3,3)],[(3,1),(0,1),(3,2)],[(1,1),(2,4),(1,3),(2,3)],[(3,3),(0,3),(3,3),(0,3)],[(2,2),(1,4),(2,2),(1,2)]];22;4;6;57;4125;16;13250;15;3367500
[[(0,4),(1,4),(0,1)],[(2,2),(3,4),(2,3),(3,3)],[(1,4),(0,3),(1,4),(0,1)],[(3,2),(2,4),(3,3),(2,2)],[(0,1),(1,1),(0,3),(1,4)],[(3,4),(2,1),(3,2)]];22;4;6;60;4666;18;15250;18;3257542
[[(3,2),(2,4),(3,3),(2,4)],[(0,1),(1,4),(0,2)],[(0,2),(1,2),(0,1),(1,4)],[(1,3),(0,2),(1,1),(0,3)],[(2,2),(3,3),(2,2),(3,3)],[(2,1),(3,2),(2,1)]];22;4;6;52;3959;14;11916;14;3283250
[[(1,3),(2,4),(1,4),(2,3)],[(3,1),(0,3),(3,1),(0,2)],[(1,3),(2,1),(1,2)],[(2,3),(1,4),(2,1),(1,1)],[(0,3),(3,3),(0,3),(3,4)],[(0,4),(3,1),(0,3)]];22;4;6;57;4000;18;14250;18;3157792
[[(0,2),(2,1),(0,1),(2,1)],[(3,4),(1,2),(3,3),(1,2)],[(2,4),(0,4),(2,2)],[(1,1),(3,4),(1,3)],[(2,3),(0,2),(2,2),(0,3)],[(1,3),(3,2),(1,4),(3,1)]];22;4;6;54;3541;17;17709;15;3055875
[[(3,4),(2,3),(3,4),(2,3)],[(0,4),(1,4),(0,4),(1,2)],[(1,3),(0,4),(1,4),(0,1)],[(2,2),(3,2),(2,1)],[(2,3),(3,1),(2,4),(3,4)],[(0,3),(1,2),(0,3)]];22;4;6;65;4041;19;15000;19;3217041
[[(2,1),(1,1),(2,4),(1,2)],[(1,2),(2,1),(1,3)],[(3,2),(0,2),(3,3),(0,3)],[(0,2),(3,2),(0,2)],[(0,1),(3,1),(0,4),(3,2)],[(1,4),(2,3),(1,4),(2,1)]];22;4;6;50;3584;16;8792;16;3186625
[[(3,1),(1,1),(3,3),(1,3)],[(0,1),(2,4),(0,3),(2,4)],[(2,2),(0,4),(2,4),(0,4)],[(1,1),(3,2),(1,4)],[(1,3),(3,4),(1,3),(3,3)],[(0,2),(2,1),(0,1)]];22;4;6;58;4084;15;15667;15;3362500
[[(0,2),(3,3),(0,2),(3,1)],[(1,4),(2,3),(1,1),(2,3)],[(3,3),(0,2),(3,4),(0,2)],[(2,4),(1,4),(2,2),(1,4)],[(1,1),(2,1),(1,4)],[(0,2),(3,4),(0,3)]];22;4;6;59;4042;18;8833;18;3073125
[[(1,2),(2,4),(1,1)],[(3,2),(0,2),(3,4)],[(2,3),(1,4),(2,2),(1,1)],[(1,3),(2,2),(1,2),(2,3)],[(3,4),(0,3),(3,1),(0,3)],[(0,1),(3,1),(0,4),(3,2)]];22;4;6;54;8334;16;12625;15;2839291
[[(0,1),(3,4),(0,2)],[(3,2),(0,3),(3,3),(0,3)],[(1,1),(2,2),(1,2),(2,1)],[(2,2),(1,2),(2,1)],[(0,2),(3,3),(0,3),(3,2)],[(2,4),(1,4),(2,4),(1,1)]];22;4;6;52;3083;15;12333;14;3252750
[[(1,3),(3,1),(1,4),(3,2)],[(3,3),(1,2),(3,4)],[(3,2),(1,1),(3,3),(1,2)],[(0,2),(2,1),(0,1)],[(2,2),(0,4),(2,3),(0,4)],[(0,3),(2,2),(0,4),(2,3)]];22;4;6;56;7667;18;14334;18;3219875
[[(1,2),(0,4),(1,2)],[(2,2),(3,1),(2,1),(3,1)],[(0,4),(1,4),(0,2),(1,2)],[(3,3),(2,1),(3,2),(2,2)],[(3,1),(2,1),(3,4)],[(1,1),(0,4),(1,2),(0,1)]];22;4;6;47;4709;16;9333;16;3071417
[[(0,4),(1,4),(0,1)],[(1,4),(0,2),(1,2),(0,2)],[(2,2),(3,2),(2,3),(3,1)],[(3,4),(2,1),(3,3),(2,3)],[(0,4),(1,2),(0,4),(1,1)],[(3,2),(2,3),(3,1)]];22;4;6;55;4792;17;13041;17;3249916
[[(3,4),(2,4),(3,1),(2,1)],[(0,2),(1,1),(0,1),(1,2)],[(1,3),(0,1),(1,2),(0,1)],[(0,2),(1,3),(0,1)],[(3,4),(2,3),(3,3)],[(2,1),(3,3),(2,2),(3,1)]];22;4;6;46;4375;16;8875;16;3207000
[[(1,3),(2,2),(1,1),(2,4)],[(3,3),(0,2),(3,2),(0,1)],[(1,1),(2,1),(1,4)],[(2,4),(1,4),(2,1),(1,2)],[(3,1),(0,2),(3,4)],[(0,1),(3,1),(0,2),(3,4)]];22;4;6;50;4583;15;20417;15;3060917
[[(2,4),(3,2),(2,4),(3,1)],[(1,1),(0,1),(1,3),(0,1)],[(3,4),(2,1),(3,2),(2,2)],[(0,2),(1,1),(0,2),(1,3)],[(2,4),(3,1),(2,4)],[(1,1),(0,3),(1,1)]];22;4;6;48;4375;19;9042;19;3042041
[[(2,2),(3,4),(2,3)],[(1,3),(0,2),(1,1)],[(0,3),(1,1),(0,2),(1,2)],[(2,2),(3,1),(2,4),(3,1)],[(3,1),(2,2),(3,1),(2,3)],[(1,1),(0,4),(1,3),(0,2)]];22;4;6;48;4416;16;12583;16;3119125
[[(2,2),(1,1),(2,2),(1,1)],[(3,3),(0,3),(3,3),(0,1)],[(1,3),(2,2),(1,4)],[(1,2),(2,4),(1,1),(2,3)],[(0,1),(3,3),(0,4),(3,1)],[(3,2),(0,4),(3,1)]];22;4;6;51;4583;15;10708;14;3086292
[[(1,4),(2,3),(1,4),(2,3)],[(2,1),(1,2),(2,2),(1,2)],[(0,1),(3,4),(0,1)],[(3,4),(0,2),(3,3),(0,3)],[(0,2),(3,3),(0,4),(3,4)],[(2,2),(1,4),(2,4)]];22;4;6;62;3333;19;12584;18;3113667
[[(1,4),(2,2),(1,2)],[(2,3),(1,3),(2,2),(1,4)],[(0,4),(3,2),(0,3)],[(3,4),(0,2),(3,2),(0,4)],[(1,4),(2,3),(1,2),(2,4)],[(0,2),(3,1),(0,3),(3,4)]];22;4;6;64;3500;19;8500;19;3256209
[[(0,3),(1,4),(0,3)],[(0,1),(1,2),(0,2),(1,4)],[(2,4),(3,3),(2,2),(3,1)],[(3,1),(2,1),(3,3),(2,3)],[(1,2),(0,2),(1,3),(0,4)],[(3,1),(2,2),(3,4)]];22;4;6;55;4917;16;21333;15;3409958
[[(2,1),(3,1),(2,4),(3,2)],[(1,3),(0,1),(1,4),(0,2)],[(0,2),(1,4),(0,1)],[(0,4),(1,1),(0,2),(1,3)],[(3,4),(2,3),(3,4),(2,2)],[(2,4),(3,2),(2,1)]];22;4;6;55;4916;15;11333;15;3340833
[[(2,1),(0,3),(2,4),(0,2)],[(0,2),(2,3),(0,4),(2,3)],[(1,2),(3,2),(1,1)],[(3,1),(1,1),(3,4),(1,3)],[(0,4),(2,1),(0,3)],[(1,1),(3,3),(1,1),(3,2)]];22;4;6;51;4500;18;17209;18;3285041
[[(2,4),(1,2),(2,1),(1,4)],[(3,2),(0,4),(3,1)],[(2,4),(1,3),(2,1)],[(3,3),(0,2),(3,2),(0,3)],[(0,2),(3,4),(0,2),(3,4)],[(1,2),(2,3),(1,4),(2,2)]];22;4;6;59;5333;19;18375;18;3413750
[[(2,3),(3,4),(2,1),(3,4)],[(0,2),(1,2),(0,3)],[(3,1),(2,3),(3,4),(2,2)],[(0,3),(1,2),(0,3),(1,1)],[(3,2),(2,4),(3,2)],[(1,4),(0,4),(1,4),(0,3)]];22;4;6;61;4167;18;17000;18;3157709
[[(2,2),(1,3),(2,1),(1,4)],[(2,1),(1,2),(2,2)],[(3,2),(0,4),(3,3)],[(0,1),(3,4),(0,4),(3,2)],[(1,2),(2,4),(1,1),(2,4)],[(3,4),(0,1),(3,4),(0,2)]];22;4;6;57;4584;19;10334;19;3423541
[[(0,3),(3,3),(0,4),(3,1)],[(2,2),(1,1),(2,3),(1,1)],[(0,3),(3,4),(0,1)],[(1,2),(2,2),(1,4)],[(3,1),(0,1),(3,4),(0,2)],[(1,2),(2,2),(1,2),(2,3)]];22;4;6;51;4417;16;16334;15;3124375
[[(1,2),(2,3),(1,2)],[(2,3),(1,4),(2,4),(1,3)],[(3,4),(0,3),(3,4)],[(3,3),(0,1),(3,3),(0,3)],[(0,1),(3,1),(0,4),(3,3)],[(1,4),(2,2),(1,1),(2,4)]];22;4;6;62;4500;18;17208;18;3268500
[[(0,4),(1,2),(0,2),(1,3)],[(1,3),(0,4),(1,1),(0,2)],[(2,1),(3,4),(2,4)],[(2,4),(3,3),(2,2),(3,3)],[(1,2),(0,4),(1,2)],[(3,4),(2,1),(3,1),(2,3)]];22;4;6;59;4375;17;18250;16;3358250
[[(0,2),(3,1),(0,4),(3,4)],[(3,2),(0,3),(3,1),(0,2)],[(2,1),(1,4),(2,3),(1,1)],[(1,4),(2,4),(1,4)],[(1,2),(2,2),(1,2),(2,4)],[(0,1),(3,1),(0,1)]];22;4;6;53;4375;20;10208;17;3406458
[[(1,4),(2,1),(1,2)],[(2,3),(1,1),(2,4),(1,4)],[(3,4),(0,2),(3,2)],[(3,1),(0,1),(3,4),(0,4)],[(1,1),(2,3),(1,3),(2,1)],[(0,2),(3,4),(0,4),(3,2)]];22;4;6;57;4625;19;15458;17;3438292
[[(1,1),(3,2),(1,3),(3,4)],[(1,4),(3,4),(1,2)],[(2,2),(0,2),(2,2),(0,4)],[(3,1),(1,1),(3,4),(1,4)],[(0,2),(2,3),(0,1),(2,3)],[(2,2),(0,4),(2,3)]];22;4;6;58;4542;17;9958;15;3250375
[[(3,1),(1,3),(3,3),(1,2)],[(3,3),(1,2),(3,4)],[(0,2),(2,1),(0,1),(2,1)],[(2,4),(0,2),(2,2)],[(1,2),(3,2),(1,3),(3,4)],[(2,4),(0,3),(2,1),(0,3)]];22;4;6;53;3667;17;13667;17;3131375
[[(1,3),(2,1),(1,3),(2,1)],[(2,2),(1,2),(2,1),(1,4)],[(1,1),(2,2),(1,3)],[(0,1),(3,4),(0,1)],[(0,4),(3,1),(0,1),(3,3)],[(3,3),(0,2),(3,3),(0,4)]];22;4;6;50;3375;16;8333;16;3212416
[[(2,2),(3,1),(2,3),(3,2)],[(2,3),(3,1),(2,2)],[(3,4),(2,4),(3,3),(2,1)],[(0,4),(1,4),(0,1),(1,4)],[(0,1),(1,4),(0,4)],[(1,2),(0,2),(1,2),(0,3)]];22;4;6;57;4666;19;15042;16;3391209
[[(1,2),(2,4),(1,1),(2,3)],[(2,3),(1,1),(2,3),(1,2)],[(3,1),(0,4),(3,3),(0,2)],[(3,3),(0,2),(3,2)],[(0,3),(3,1),(0,2),(3,2)],[(2,1),(1,2),(2,4)]];22;4;6;51;4125;18;11250;18;3562667
[[(1,4),(0,4),(1,4),(0,3)],[(2,3),(3,2),(2,1),(3,1)],[(1,4),(0,3),(1,2)],[(3,2),(2,2),(3,1),(2,2)],[(3,2),(2,4),(3,2)],[(0,3),(1,4),(0,4),(1,1)]];22;4;6;58;4584;19;17000;19;3648209
[[(2,3),(3,1),(2,3),(3,1)],[(1,2),(0,2),(1,2),(0,2)],[(2,3),(3,3),(2,3)],[(0,4),(1,4),(0,4),(1,4)],[(3,2),(2,3),(3,3),(2,2)],[(1,1),(0,1),(1,4)]];22;4;6;57;13167;18;10833;18;3294875
[[(2,4),(0,3),(2,3),(0,2)],[(3,4),(1,1),(3,3),(1,3)],[(0,2),(2,4),(0,2)],[(0,4),(2,3),(0,4),(2,1)],[(3,3),(1,4),(3,2)],[(1,2),(3,3),(1,1),(3,1)]];22;4;6;59;4375;17;14125;17;3172334
[[(3,2),(0,2),(3,4)],[(3,1),(0,3),(3,4),(0,4)],[(2,3),(1,3),(2,2),(1,3)],[(1,2),(2,1),(1,2),(2,3)],[(1,3),(2,3),(1,1)],[(0,1),(3,1),(0,1),(3,2)]];22;4;6;51;7542;16;8292;14;3249042
[[(0,4),(3,4),(0,1),(3,1)],[(1,4),(2,1),(1,1),(2,3)],[(2,3),(1,1),(2,2)],[(2,4),(1,1),(2,3),(1,4)],[(0,3),(3,1),(0,4)],[(3,3),(0,2),(3,2),(0,4)]];22;4;6;56;6875;18;11625;18;3225834
[[(0,4),(3,3),(0,1),(3,3)],[(2,3),(1,2),(2,1),(1,2)],[(2,1),(1,2),(2,2)],[(1,4),(2,2),(1,4),(2,2)],[(3,3),(0,4),(3,4)],[(3,3),(0,1),(3,4),(0,2)]];22;4;6;57;8417;20;12916;20;3163667
[[(3,4),(1,1),(3,4)],[(2,3),(0,2),(2,3),(0,1)],[(3,4),(1,3),(3,4),(1,4)],[(0,3),(2,1),(0,1),(2,4)],[(1,1),(3,4),(1,3),(3,3)],[(0,4),(2,4),(0,4)]];22;4;6;65;6625;24;12167;23;3101083
[[(2,3),(0,4),(2,1),(0,3)],[(0,4),(2,1),(0,2),(2,2)],[(2,1),(0,3),(2,1)],[(3,4),(1,2),(3,4),(1,1)],[(3,4),(1,2),(3,4)],[(1,1),(3,1),(1,3),(3,3)]];22;4;6;54;13917;20;8750;20;3168875
[[(0,3),(1,1),(0,3),(1,4)],[(3,3),(2,1),(3,2)],[(1,2),(0,2),(1,4),(0,1)],[(3,1),(2,4),(3,3),(2,2)],[(1,3),(0,4),(1,2)],[(2,2),(3,2),(2,2),(3,3)]];22;4;6;54;3917;16;19750;16;3093708
[[(1,2),(0,1),(1,2),(0,4)],[(3,4),(2,2),(3,1),(2,4)],[(0,4),(1,2),(0,2),(1,1)],[(3,2),(2,2),(3,4)],[(2,4),(3,1),(2,2),(3,4)],[(1,2),(0,2),(1,4)]];22;4;6;56;11541;16;9292;16;3211709
[[(2,2),(3,3),(2,3),(3,2)],[(0,2),(1,3),(0,2),(1,1)],[(3,4),(2,4),(3,4),(2,3)],[(1,2),(0,2),(1,2)],[(1,1),(0,1),(1,4),(0,1)],[(2,3),(3,1),(2,2)]];22;4;6;52;3459;17;20667;17;3034583
[[(0,2),(3,3),(0,2)],[(2,4),(1,2),(2,4)],[(2,4),(1,2),(2,2),(1,1)],[(1,4),(2,3),(1,4),(2,3)],[(3,4),(0,4),(3,2),(0,4)],[(0,3),(3,1),(0,3),(3,4)]];22;4;6;65;10125;20;9292;20;3202542
[[(2,1),(3,2),(2,4),(3,4)],[(3,2),(2,1),(3,1),(2,3)],[(0,3),(1,4),(0,4),(1,3)],[(0,2),(1,1),(0,4)],[(1,4),(0,1),(1,4),(0,1)],[(3,2),(2,2),(3,4)]];22;4;6;57;3250;17;15542;17;3077459
[[(3,3),(1,4),(3,2),(1,2)],[(0,2),(2,1),(0,4),(2,2)],[(1,1),(3,3),(1,2),(3,2)],[(2,3),(0,3),(2,2),(0,3)],[(3,4),(1,4),(3,3)],[(0,2),(2,2),(0,4)]];22;4;6;58;9333;18;9750;18;3054708
[[(1,3),(2,4),(1,1),(2,3)],[(0,4),(3,2),(0,4),(3,3)],[(3,4),(0,1),(3,2),(0,2)],[(3,3),(0,2),(3,1)],[(1,4),(2,2),(1,4)],[(2,2),(1,3),(2,2),(1,2)]];22;4;6;58;4083;17;11000;17;3123917
[[(0,3),(3,2),(0,1),(3,1)],[(1,3),(2,1),(1,4)],[(3,1),(0,3),(3,1),(0,4)],[(0,1),(3,4),(0,3)],[(2,3),(1,4),(2,4),(1,1)],[(1,2),(2,1),(1,1),(2,3)]];22;4;6;51;10292;17;8875;15;3211959
[[(1,3),(2,2),(1,3)],[(0,1),(3,4),(0,3),(3,3)],[(1,1),(2,1),(1,4),(2,3)],[(2,3),(1,1),(2,3),(1,4)],[(3,1),(0,3),(3,3),(0,4)],[(0,1),(3,2),(0,4)]];22;4;6;57;3708;16;10958;16;3074667
[[(3,4),(0,4),(3,2),(0,1)],[(3,2),(0,3),(3,2)],[(1,3),(2,4),(1,3),(2,4)],[(1,3),(2,1),(1,4)],[(2,1),(1,1),(2,2),(1,1)],[(0,2),(3,2),(0,3),(3,4)]];22;4;6;56;4292;18;20084;16;3171125
[[(2,3),(0,2),(2,3)],[(0,2),(2,1),(0,4),(2,2)],[(1,3),(3,3),(1,1)],[(3,2),(1,4),(3,2),(1,4)],[(1,2),(3,2),(1,2),(3,2)],[(2,2),(0,3),(2,4),(0,4)]];22;4;6;57;5042;17;11584;16;3203250
[[(1,4),(3,3),(1,1),(3,4)],[(3,1),(1,3),(3,1)],[(2,2),(0,4),(2,4),(0,4)],[(2,3),(0,2),(2,1)],[(3,1),(1,3),(3,2),(1,4)],[(0,4),(2,3),(0,4),(2,4)]];22;4;6;62;3625;18;13750;18;2963583
[[(3,2),(0,1),(3,2)],[(2,4),(1,3),(2,2),(1,2)],[(3,2),(0,2),(3,1),(0,3)],[(0,3),(3,4),(0,1),(3,1)],[(1,1),(2,1),(1,4)],[(1,1),(2,4),(1,3),(2,2)]];22;4;6;49;3333;16;9083;15;3305583
[[(3,2),(2,4),(3,3),(2,3)],[(1,2),(0,4),(1,1)],[(1,1),(0,2),(1,3),(0,3)],[(2,1),(3,4),(2,1)],[(2,4),(3,1),(2,3),(3,1)],[(0,4),(1,1),(0,3),(1,1)]];22;4;6;52;4209;16;13542;16;3209125
[[(3,4),(0,2),(3,2),(0,4)],[(1,3),(2,1),(1,4)],[(1,3),(2,4),(1,3),(2,1)],[(0,4),(3,4),(0,1),(3,2)],[(3,4),(0,4),(3,2)],[(2,1),(1,2),(2,3),(1,3)]];22;4;6;61;4333;18;9541;18;3455000
[[(0,4),(3,3),(0,3),(3,4)],[(2,2),(1,3),(2,2)],[(1,1),(2,1),(1,2),(2,2)],[(2,4),(1,1),(2,3),(1,3)],[(3,1),(0,4),(3,2),(0,2)],[(0,4),(3,2),(0,1)]];22;4;6;54;3250;19;16333;18;3226375
[[(2,1),(3,2),(2,3),(3,2)],[(0,3),(1,3),(0,2)],[(1,1),(0,2),(1,2),(0,1)],[(3,2),(2,4),(3,3)],[(3,3),(2,4),(3,2),(2,1)],[(0,1),(1,2),(0,1),(1,4)]];22;4;6;49;4083;15;12167;15;3191834
[[(3,2),(1,2),(3,3),(1,2)],[(0,3),(2,2),(0,2),(2,2)],[(2,1),(0,3),(2,4),(0,4)],[(1,2),(3,3),(1,3),(3,3)],[(3,2),(1,1),(3,1)],[(2,3),(0,1),(2,4)]];22;4;6;53;3917;16;23125;16;3296208
[[(1,1),(3,4),(1,4)],[(2,2),(0,3),(2,3),(0,1)],[(1,4),(3,2),(1,3),(3,3)],[(0,3),(2,3),(0,2),(2,4)],[(3,3),(1,1),(3,1),(1,4)],[(2,1),(0,1),(2,4)]];22;4;6;57;3917;18;8750;17;3173750
[[(2,4),(0,3),(2,2),(0,4)],[(3,4),(1,1),(3,1),(1,3)],[(2,3),(0,3),(2,4)],[(1,1),(3,1),(1,2)],[(0,1),(2,2),(0,3),(2,2)],[(1,1),(3,1),(1,2),(3,1)]];22;4;6;49;12917;17;10333;17;3550459
[[(3,3),(1,4),(3,2)],[(2,4),(0,1),(2,4),(0,2)],[(2,2),(0,2),(2,1)],[(3,3),(1,1),(3,2),(1,4)],[(1,2),(3,2),(1,3),(3,4)],[(0,1),(2,1),(0,4),(2,1)]];22;4;6;53;3541;16;8708;16;3244416
[[(0,4),(1,3),(0,3)],[(3,4),(2,4),(3,1),(2,2)],[(3,4),(2,1),(3,3)],[(2,2),(3,3),(2,4),(3,1)],[(0,1),(1,3),(0,3),(1,4)],[(1,2),(0,1),(1,1),(0,1)]];22;4;6;55;4416;17;17500;16;3065333
[[(2,1),(1,1),(2,2),(1,1)],[(3,3),(0,4),(3,2),(0,4)],[(0,4),(3,1),(0,2),(3,1)],[(2,4),(1,1),(2,2)],[(1,3),(2,3),(1,1),(2,2)],[(3,3),(0,1),(3,1)]];22;4;6;47;3791;15;8416;15;3009542
[[(0,4),(3,4),(0,4),(3,1)],[(3,3),(0,2),(3,3)],[(3,4),(0,2),(3,3),(0,4)],[(1,3),(2,3),(1,3)],[(1,4),(2,2),(1,1),(2,4)],[(2,2),(1,3),(2,2),(1,4)]];22;4;6;65;3500;21;31458;18;3394875
[[(3,3),(0,4),(3,1),(0,1)],[(1,3),(2,3),(1,1),(2,4)],[(0,1),(3,3),(0,3)],[(2,4),(1,2),(2,3)],[(2,3),(1,4),(2,4),(1,3)],[(0,4),(3,3),(0,1),(3,1)]];22;4;6;59;6667;21;9542;21;3093167
[[(1,1),(0,3),(1,4),(0,1)],[(2,3),(3,3),(2,2)],[(0,2),(1,4),(0,2),(1,1)],[(0,3),(1,4),(0,4)],[(3,2),(2,1),(3,1),(2,1)],[(2,2),(3,4),(2,4),(3,2)]];22;4;6;54;4000;16;11542;15;3368416
[[(3,4),(2,3),(3,1)],[(2,4),(3,1),(2,2),(3,2)],[(1,4),(0,3),(1,1),(0,1)],[(3,1),(2,4),(3,3),(2,2)],[(0,4),(1,2),(0,1)],[(0,1),(1,1),(0,1),(1,3)]];22;4;6;49;3667;16;8333;15;3076708
[[(2,3),(1,2),(2,1),(1,2)],[(0,4),(3,2),(0,4)],[(3,4),(0,1),(3,2),(0,1)],[(0,2),(3,1),(0,2),(3,2)],[(1,1),(2,1),(1,3),(2,3)],[(1,1),(2,4),(1,3)]];22;4;6;49;3375;15;10459;14;3160834
[[(2,3),(1,4),(2,3)],[(2,2),(1,3),(2,2),(1,3)],[(3,2),(0,3),(3,2)],[(3,3),(0,4),(3,3),(0,4)],[(0,1),(3,1),(0,4),(3,4)],[(1,2),(2,3),(1,4),(2,2)]];22;4;6;62;3792;17;12750;17;3279709
[[(3,3),(1,1),(3,4),(1,2)],[(0,4),(2,1),(0,2)],[(1,1),(3,3),(1,2),(3,4)],[(2,3),(0,1),(2,3),(0,4)],[(0,3),(2,3),(0,2),(2,2)],[(3,3),(1,2),(3,1)]];22;4;6;54;3583;18;19625;18;3077791
[[(1,2),(2,4),(1,1)],[(3,4),(0,1),(3,1),(0,3)],[(0,4),(3,3),(0,2),(3,1)],[(2,3),(1,4),(2,2),(1,4)],[(1,1),(2,1),(1,3),(2,2)],[(0,2),(3,3),(0,3)]];22;4;6;54;3292;16;10542;15;3026833
[[(3,2),(2,2),(3,2),(2,3)],[(2,1),(3,4),(2,4),(3,4)],[(0,4),(1,1),(0,4),(1,3)],[(3,3),(2,3),(3,1)],[(0,3),(1,4),(0,1)],[(1,4),(0,1),(1,3),(0,2)]];22;4;6;59;3166;17;13208;16;3253916
[[(1,3),(3,4),(1,1),(3,3)],[(0,2),(2,1),(0,4),(2,1)],[(2,4),(0,1),(2,2)],[(3,3),(1,4),(3,3),(1,3)],[(2,4),(0,3),(2,3),(0,4)],[(3,2),(1,2),(3,1)]];22;4;6;58;9500;19;13709;16;3245333
[[(0,3),(1,2),(0,1),(1,4)],[(1,2),(0,2),(1,1),(0,1)],[(3,4),(2,1),(3,2),(2,2)],[(2,4),(3,2),(2,3),(3,3)],[(1,1),(0,4),(1,4)],[(3,3),(2,3),(3,3)]];22;4;6;55;3250;17;10500;17;3081542
[[(0,3),(2,4),(0,2),(2,1)],[(3,2),(1,4),(3,2),(1,1)],[(3,1),(1,3),(3,2)],[(0,2),(2,4),(0,1)],[(1,4),(3,3),(1,4),(3,1)],[(2,4),(0,2),(2,2),(0,1)]];22;4;6;53;5084;16;11958;16;3592291
[[(0,3),(3,1),(0,1),(3,3)],[(1,2),(2,4),(1,2)],[(1,1),(2,3),(1,3),(2,3)],[(3,2),(0,3),(3,4),(0,4)],[(2,3),(1,2),(2,4),(1,3)],[(0,2),(3,2),(0,4)]];22;4;6;59;4667;17;17042;17;3410750
[[(0,4),(3,4),(0,1)],[(1,3),(2,3),(1,3),(2,2)],[(1,3),(2,2),(1,2)],[(0,4),(3,4),(0,2),(3,1)],[(2,1),(1,2),(2,1),(1,2)],[(3,1),(0,1),(3,1),(0,1)]];22;4;6;48;10500;15;9208;15;3251375
[[(1,4),(3,4),(1,3),(3,3)],[(3,4),(1,4),(3,3),(1,2)],[(0,1),(2,3),(0,1)],[(2,3),(0,3),(2,3),(0,4)],[(0,2),(2,4),(0,1),(2,3)],[(1,2),(3,2),(1,4)]];22;4;6;63;3875;19;12000;19;3028416
[[(1,1),(0,4),(1,3)],[(1,1),(0,3),(1,3),(0,4)],[(2,4),(3,4),(2,3),(3,1)],[(3,4),(2,3),(3,3),(2,2)],[(3,2),(2,1),(3,2)],[(0,3),(1,2),(0,1),(1,1)]];22;4;6;55;9542;17;14000;16;3093583
[[(0,4),(3,3),(0,2),(3,3)],[(3,4),(0,4),(3,2),(0,1)],[(1,4),(2,2),(1,3)],[(1,4),(2,1),(1,3),(2,3)],[(2,4),(1,1),(2,4),(1,3)],[(3,4),(0,4),(3,1)]];22;4;6;64;4417;18;16292;18;3086166
[[(2,1),(3,3),(2,1),(3,4)],[(3,3),(2,2),(3,3),(2,1)],[(1,1),(0,3),(1,1),(0,1)],[(2,4),(3,2),(2,3)],[(1,1),(0,3),(1,4)],[(0,3),(1,2),(0,1),(1,3)]];22;4;6;50;10041;16;9041;15;2975416
[[(3,3),(1,3),(3,3),(1,2)],[(1,2),(3,4),(1,3),(3,2)],[(0,4),(2,3),(0,1)],[(2,4),(0,3),(2,3),(0,1)],[(0,4),(2,1),(0,2),(2,4)],[(1,1),(3,2),(1,4)]];22;4;6;59;3750;18;11000;18;3155125
[[(1,1),(0,1),(1,1),(0,3)],[(2,2),(3,3),(2,4),(3,2)],[(0,4),(1,4),(0,4)],[(3,4),(2,3),(3,1)],[(3,2),(2,2),(3,4),(2,2)],[(0,3),(1,4),(0,2),(1,3)]];22;4;6;59;7500;17;13083;17;3049125
[[(3,1),(1,3),(3,2)],[(0,2),(2,4),(0,4)],[(1,4),(3,2),(1,4),(3,4)],[(3,2),(1,1),(3,1),(1,4)],[(2,3),(0,2),(2,1),(0,2)],[(0,4),(2,4),(0,4),(2,3)]];22;4;6;61;4333;19;12959;18;3227667
[[(1,1),(0,1),(1,3),(0,4)],[(3,4),(2,3),(3,2)],[(1,1),(0,1),(1,3)],[(2,4),(3,3),(2,3),(3,3)],[(3,3),(2,2),(3,4),(2,2)],[(0,3),(1,4),(0,3),(1,3)]];22;4;6;60;7667;19;11000;19;2982959
[[(2,3),(1,1),(2,3)],[(0,1),(3,1),(0,2)],[(0,2),(3,2),(0,3),(3,1)],[(3,3),(0,3),(3,4),(0,2)],[(2,1),(1,3),(2,4),(1,4)],[(1,4),(2,2),(1,1),(2,4)]];22;4;6;54;4208;17;13750;17;3008833
[[(2,4),(1,1),(2,3),(1,3)],[(1,3),(2,2),(1,1),(2,3)],[(3,4),(0,2),(3,3),(0,2)],[(2,2),(1,4),(2,3)],[(3,3),(0,4),(3,2)],[(0,3),(3,1),(0,2),(3,1)]];22;4;6;56;15459;17;9416;17;3021417
[[(3,3),(0,4),(3,4),(0,4)],[(2,3),(1,1),(2,1)],[(3,4),(0,4),(3,1)],[(1,2),(2,3),(1,1),(2,3)],[(2,4),(1,3),(2,4),(1,1)],[(0,3),(3,2),(0,4),(3,4)]];22;4;6;63;3542;19;11167;19;3214500
[[(2,1),(1,3),(2,2),(1,1)],[(1,3),(2,2),(1,2)],[(0,2),(3,1),(0,2),(3,4)],[(1,2),(2,2),(1,1),(2,1)],[(3,3),(0,4),(3,3),(0,3)],[(0,1),(3,2),(0,1)]];22;4;6;46;4084;14;12792;14;3071250
[[(1,1),(2,2),(1,2),(2,3)],[(0,1),(3,4),(0,3),(3,2)],[(1,3),(2,1),(1,3)],[(3,2),(0,2),(3,2)],[(3,4),(0,3),(3,4),(0,4)],[(2,2),(1,1),(2,1),(1,4)]];22;4;6;54;4000;20;13834;18;3237917
[[(1,3),(0,4),(1,2)],[(2,2),(3,2),(2,3),(3,2)],[(3,4),(2,2),(3,4),(2,1)],[(1,4),(0,1),(1,2),(0,4)],[(2,3),(3,3),(2,2)],[(0,3),(1,1),(0,1),(1,1)]];22;4;6;54;3458;16;15042;15;3164041
[[(2,4),(1,2),(2,4),(1,4)],[(3,1),(0,2),(3,4),(0,2)],[(1,3),(2,3),(1,4)],[(3,4),(0,1),(3,3)],[(0,3),(3,1),(0,4),(3,3)],[(1,1),(2,3),(1,4),(2,1)]];22;4;6;61;4166;19;17625;19;3096375
[[(1,1),(2,3),(1,4)],[(0,1),(3,4),(0,4),(3,2)],[(2,3),(1,1),(2,2),(1,4)],[(3,3),(0,4),(3,3)],[(3,2),(0,3),(3,4),(0,4)],[(1,3),(2,3),(1,2),(2,4)]];22;4;6;64;3042;20;12625;18;3211041
[[(0,4),(1,1),(0,2),(1,1)],[(1,3),(0,4),(1,3)],[(3,2),(2,4),(3,2),(2,4)],[(2,2),(3,1),(2,4),(3,3)],[(1,3),(0,2),(1,2),(0,1)],[(2,2),(3,3),(2,1)]];22;4;6;54;4708;17;17000;17;3095042
[[(3,2),(0,2),(3,3)],[(0,3),(3,4),(0,1),(3,1)],[(1,2),(2,1),(1,4),(2,4)],[(2,3),(1,1),(2,1),(1,2)],[(3,1),(0,1),(3,4),(0,1)],[(1,2),(2,1),(1,3)]];22;4;6;47;3958;15;31041;15;3244167
[[(0,4),(2,2),(0,4),(2,4)],[(1,4),(3,2),(1,1),(3,4)],[(2,3),(0,1),(2,3),(0,3)],[(1,3),(3,2),(1,3)],[(0,1),(2,4),(0,3)],[(3,3),(1,1),(3,1),(1,3)]];22;4;6;59;3792;17;15875;17;3112791
[[(0,4),(1,2),(0,3)],[(2,3),(3,2),(2,2),(3,2)],[(1,4),(0,4),(1,2),(0,4)],[(0,3),(1,3),(0,4),(1,3)],[(3,4),(2,1),(3,1)],[(3,1),(2,1),(3,4),(2,4)]];22;4;6;61;5958;22;23583;22;3338875
[[(3,4),(0,2),(3,4),(0,2)],[(0,3),(3,3),(0,1),(3,1)],[(1,4),(2,2),(1,1)],[(0,2),(3,3),(0,4)],[(2,1),(1,3),(2,3),(1,4)],[(1,2),(2,1),(1,2),(2,1)]];22;4;6;53;3500;16;12042;16;3168042
[[(1,2),(2,4),(1,3),(2,1)],[(0,1),(3,4),(0,4),(3,3)],[(3,4),(0,4),(3,1),(0,3)],[(2,3),(1,4),(2,1),(1,4)],[(0,4),(3,1),(0,2)],[(1,4),(2,1),(1,3)]];22;4;6;61;4000;20;13917;20;3182916
[[(0,2),(2,2),(0,3),(2,3)],[(2,2),(0,1),(2,2)],[(2,2),(0,3),(2,2),(0,3)],[(1,3),(3,3),(1,1)],[(1,2),(3,4),(1,4),(3,2)],[(3,3),(1,3),(3,1),(1,1)]];22;4;6;52;4208;16;13000;14;3209792
[[(0,1),(2,4),(0,4),(2,2)],[(3,3),(1,3),(3,1),(1,3)],[(0,3),(2,1),(0,3)],[(2,4),(0,1),(2,2),(0,1)],[(1,2),(3,2),(1,1),(3,4)],[(1,3),(3,1),(1,1)]];22;4;6;50;3375;16;12500;14;3348000
[[(0,4),(3,3),(0,2),(3,1)],[(1,2),(2,4),(1,1),(2,2)],[(3,4),(0,2),(3,1)],[(3,2),(0,2),(3,3),(0,1)],[(2,4),(1,2),(2,3)],[(2,4),(1,3),(2,3),(1,4)]];22;4;6;57;4250;22;9458;20;3317042
[[(3,3),(1,4),(3,3)],[(1,1),(3,2),(1,1),(3,4)],[(0,2),(2,1),(0,4),(2,3)],[(3,2),(1,2),(3,2),(1,4)],[(2,4),(0,2),(2,4),(0,2)],[(2,1),(0,2),(2,2)]];22;4;6;55;4209;16;12500;16;3201792
[[(3,1),(1,1),(3,1),(1,2)],[(1,4),(3,1),(1,4),(3,1)],[(2,3),(0,2),(2,3)],[(0,3),(2,3),(0,1),(2,2)],[(1,2),(3,4),(1,4)],[(2,2),(0,1),(2,3),(0,4)]];22;4;6;52;4042;18;9167;17;3228833
[[(1,4),(3,4),(1,4),(3,1)],[(3,1),(1,3),(3,1),(1,4)],[(2,4),(0,2),(2,3)],[(2,4),(0,3),(2,2),(0,1)],[(3,4),(1,1),(3,3)],[(0,1),(2,3),(0,1),(2,2)]];22;4;6;56;4083;18;12375;18;3279958
[[(1,1),(2,3),(1,3)],[(0,3),(3,1),(0,4),(3,4)],[(3,4),(0,3),(3,4),(0,4)],[(1,3),(2,1),(1,2),(2,1)],[(2,3),(1,1),(2,1),(1,4)],[(0,1),(3,2),(0,1)]];22;4;6;54;4208;16;15916;16;3232917
[[(1,4),(3,4),(1,1),(3,1)],[(2,3),(0,3),(2,2),(0,1)],[(3,3),(1,2),(3,1),(1,4)],[(0,4),(2,1),(0,2)],[(0,4),(2,1),(0,1),(2,2)],[(1,3),(3,1),(1,2)]];22;4;6;50;3666;16;13709;16;3068625
[[(1,3),(0,2),(1,2),(0,1)],[(2,1),(3,1),(2,2),(3,4)],[(3,3),(2,3),(3,3)],[(0,1),(1,3),(0,1),(1,3)],[(3,2),(2,3),(3,4),(2,4)],[(1,1),(0,3),(1,2)]];22;4;6;52;4250;17;8916;17;3168791
[[(0,4),(1,3),(0,4)],[(2,3),(3,3),(2,3)],[(0,1),(1,3),(0,3),(1,3)],[(2,2),(3,4),(2,2),(3,4)],[(1,2),(0,3),(1,4),(0,4)],[(3,3),(2,1),(3,2),(2,3)]];22;4;6;64;3792;19;20292;19;3063625
[[(1,2),(2,4),(1,1),(2,4)],[(2,2),(1,4),(2,2)],[(2,3),(1,4),(2,1),(1,4)],[(0,3),(3,4),(0,3),(3,3)],[(3,4),(0,4),(3,4),(0,1)],[(3,3),(0,2),(3,3)]];22;4;6;65;9500;21;9166;21;3006333
[[(3,4),(1,3),(3,1)],[(1,2),(3,1),(1,1),(3,4)],[(2,3),(0,1),(2,4),(0,1)],[(3,3),(1,3),(3,3),(1,3)],[(0,1),(2,3),(0,4),(2,3)],[(2,1),(0,2),(2,4)]];22;4;6;55;4125;18;12042;18;3062292
[[(1,4),(0,4),(1,1)],[(2,4),(3,4),(2,2),(3,4)],[(1,1),(0,1),(1,3),(0,2)],[(0,1),(1,4),(0,2),(1,4)],[(3,2),(2,2),(3,4),(2,3)],[(2,1),(3,3),(2,2)]];22;4;6;58;8125;19;8750;17;3211167
[[(1,2),(0,4),(1,1)],[(2,3),(3,1),(2,4),(3,2)],[(0,3),(1,4),(0,3),(1,1)],[(1,3),(0,1),(1,4),(0,1)],[(3,4),(2,1),(3,4),(2,1)],[(3,4),(2,3),(3,4)]];22;4;6;58;3833;19;11125;19;3135375
[[(0,4),(1,2),(0,2),(1,1)],[(3,2),(2,4),(3,2),(2,4)],[(1,3),(0,1),(1,3),(0,2)],[(2,1),(3,3),(2,4),(3,1)],[(2,2),(3,4),(2,4)],[(0,2),(1,3),(0,4)]];22;4;6;58;14375;19;8333;19;3087834
[[(0,3),(1,2),(0,3),(1,2)],[(3,1),(2,1),(3,4)],[(2,3),(3,1),(2,1),(3,3)],[(3,4),(2,1),(3,4),(2,4)],[(1,3),(0,4),(1,2),(0,4)],[(1,3),(0,1),(1,1)]];22;4;6;55;3625;18;14000;17;3114375
[[(0,1),(1,3),(0,1)],[(0,4),(1,4),(0,4),(1,1)],[(3,4),(2,4),(3,3),(2,2)],[(3,2),(2,3),(3,4)],[(2,4),(3,2),(2,2),(3,3)],[(1,2),(0,3),(1,2),(0,4)]];22;4;6;62;4416;18;18208;18;3204708
[[(3,1),(1,3),(3,1)],[(3,4),(1,3),(3,3),(1,1)],[(1,4),(3,1),(1,2),(3,1)],[(0,4),(2,2),(0,1),(2,1)],[(0,2),(2,4),(0,1)],[(2,2),(0,4),(2,4),(0,3)]];22;4;6;52;3334;17;14375;15;3246666
[[(0,3),(1,3),(0,3)],[(3,3),(2,3),(3,1)],[(2,1),(3,1),(2,3),(3,1)],[(1,1),(0,1),(1,4),(0,2)],[(0,1),(1,1),(0,3),(1,1)],[(3,4),(2,1),(3,4),(2,2)]];22;4;6;47;4167;15;21000;14;3142000
[[(3,4),(1,4),(3,3)],[(3,2),(1,3),(3,3),(1,4)],[(2,1),(0,2),(2,1),(0,4)],[(0,2),(2,3),(0,3),(2,1)],[(2,3),(0,3),(2,2)],[(1,3),(3,3),(1,1),(3,4)]];22;4;6;59;3917;19;18833;19;3097875
[[(1,2),(3,4),(1,4),(3,1)],[(2,1),(0,3),(2,2)],[(1,4),(3,1),(1,4)],[(3,4),(1,4),(3,1),(1,2)],[(0,3),(2,4),(0,2),(2,3)],[(2,3),(0,2),(2,4),(0,4)]];22;4;6;62;3334;20;15625;20;3069541
[[(3,1),(2,2),(3,1),(2,4)],[(1,1),(0,2),(1,1),(0,4)],[(2,3),(3,3),(2,2)],[(0,2),(1,1),(0,4),(1,1)],[(0,4),(1,2),(0,2)],[(2,1),(3,2),(2,3),(3,2)]];22;4;6;48;3667;18;11125;18;3221708
[[(2,4),(0,2),(2,3),(0,4)],[(1,3),(3,3),(1,4),(3,4)],[(2,2),(0,4),(2,1)],[(0,1),(2,2),(0,4),(2,1)],[(3,1),(1,4),(3,2)],[(3,2),(1,1),(3,3),(1,4)]];22;4;6;59;4875;18;18416;16;2935375
[[(0,1),(1,2),(0,1)],[(1,4),(0,3),(1,2),(0,2)],[(2,3),(3,3),(2,4),(3,3)],[(0,3),(1,4),(0,4),(1,1)],[(3,3),(2,1),(3,4),(2,2)],[(2,4),(3,4),(2,4)]];22;4;6;62;3583;18;8250;18;3104125
[[(1,2),(0,1),(1,3),(0,3)],[(0,1),(1,2),(0,1),(1,3)],[(3,4),(2,3),(3,3),(2,2)],[(2,3),(3,3),(2,4),(3,1)],[(3,3),(2,4),(3,1)],[(1,4),(0,1),(1,1)]];22;4;6;53;4000;17;15875;16;3154083
[[(1,4),(0,2),(1,1),(0,3)],[(2,3),(3,2),(2,4)],[(2,2),(3,2),(2,1),(3,2)],[(0,1),(1,1),(0,2),(1,3)],[(0,1),(1,2),(0,4)],[(3,2),(2,1),(3,4),(2,2)]];22;4;6;49;3208;15;8542;14;3216792
[[(2,4),(0,1),(2,2),(0,2)],[(1,4),(3,2),(1,2)],[(3,2),(1,1),(3,3),(1,2)],[(0,3),(2,4),(0,1),(2,2)],[(2,4),(0,3),(2,4)],[(1,1),(3,2),(1,4),(3,4)]];22;4;6;57;4333;20;11667;20;3273583
[[(0,3),(2,3),(0,2)],[(3,4),(1,3),(3,1)],[(0,1),(2,4),(0,4),(2,3)],[(3,4),(1,3),(3,4),(1,2)],[(2,3),(0,1),(2,2),(0,1)],[(1,1),(3,2),(1,3),(3,4)]];22;4;6;58;4584;19;9167;19;3318333
[[(2,3),(1,1),(2,2),(1,1)],[(1,3),(2,2),(1,1),(2,1)],[(0,2),(3,2),(0,2),(3,1)],[(3,4),(0,3),(3,2)],[(2,4),(1,2),(2,4)],[(3,3),(0,3),(3,1),(0,1)]];22;4;6;48;3375;16;10792;16;3142542
[[(2,3),(3,4),(2,2)],[(1,3),(0,3),(1,4),(0,2)],[(0,2),(1,1),(0,4),(1,4)],[(0,3),(1,2),(0,3)],[(3,3),(2,3),(3,2),(2,3)],[(2,4),(3,2),(2,4),(3,2)]];22;4;6;63;9625;19;8667;19;3295459
[[(1,2),(3,2),(1,3)],[(3,1),(1,4),(3,1),(1,1)],[(2,2),(0,4),(2,4)],[(2,4),(0,1),(2,1),(0,2)],[(0,3),(2,1),(0,4),(2,3)],[(1,3),(3,2),(1,4),(3,3)]];22;4;6;55;4542;19;15833;17;3231000
[[(2,2),(0,1),(2,2),(0,4)],[(1,2),(3,4),(1,4),(3,2)],[(0,2),(2,1),(0,2)],[(0,1),(2,3),(0,4),(2,1)],[(1,3),(3,3),(1,2)],[(3,4),(1,1),(3,4),(1,2)]];22;4;6;54;9625;17;8667;17;3082083
[[(2,4),(0,2),(2,2),(0,2)],[(0,2),(2,1),(0,2),(2,1)],[(1,3),(3,4),(1,4)],[(3,4),(1,3),(3,3),(1,3)],[(1,1),(3,3),(1,4),(3,1)],[(0,4),(2,3),(0,1)]];22;4;6;57;3750;19;11750;18;2994459
[[(2,3),(1,4),(2,1),(1,4)],[(1,3),(2,2),(1,2)],[(0,1),(3,1),(0,1),(3,2)],[(3,4),(0,3),(3,2)],[(3,4),(0,1),(3,3),(0,4)],[(1,2),(2,3),(1,3),(2,1)]];22;4;6;54;8375;18;8375;18;3153375
[[(3,2),(0,4),(3,3)],[(1,2),(2,1),(1,4)],[(0,1),(3,1),(0,3),(3,1)],[(3,1),(0,1),(3,1),(0,3)],[(1,4),(2,3),(1,4),(2,4)],[(2,3),(1,2),(2,3),(1,2)]];22;4;6;53;3166;20;9667;18;3392625
[[(2,1),(0,1),(2,3),(0,4)],[(0,2),(2,2),(0,4),(2,1)],[(1,3),(3,4),(1,2),(3,4)],[(3,2),(1,3),(3,2),(1,2)],[(0,3),(2,4),(0,1)],[(3,2),(1,2),(3,4)]];22;4;6;56;3125;18;19541;18;3110667
[[(1,4),(0,1),(1,3)],[(1,1),(0,4),(1,2),(0,2)],[(0,1),(1,1),(0,1),(1,2)],[(2,1),(3,4),(2,2),(3,1)],[(3,4),(2,3),(3,3),(2,1)],[(2,4),(3,3),(2,2)]];22;4;6;50;3667;15;11209;15;3209917
[[(3,4),(0,1),(3,3),(0,2)],[(3,1),(0,4),(3,3)],[(0,3),(3,1),(0,1),(3,4)],[(2,3),(1,4),(2,4),(1,3)],[(1,4),(2,3),(1,4),(2,4)],[(1,3),(2,4),(1,2)]];22;4;6;65;12875;20;9917;20;3637333
[[(0,1),(1,4),(0,2)],[(3,4),(2,2),(3,1),(2,2)],[(3,4),(2,2),(3,2)],[(1,3),(0,2),(1,1),(0,4)],[(0,3),(1,3),(0,2),(1,4)],[(2,2),(3,3),(2,1),(3,3)]];22;4;6;55;9167;17;13375;17;3688666
[[(0,1),(2,3),(0,2)],[(1,3),(3,3),(1,3)],[(2,3),(0,4),(2,4),(0,4)],[(3,4),(1,2),(3,3),(1,4)],[(0,1),(2,1),(0,4),(2,3)],[(1,2),(3,3),(1,1),(3,3)]];22;4;6;61;5625;17;17709;17;3517292
[[(3,1),(0,1),(3,2),(0,1)],[(1,2),(2,3),(1,1),(2,4)],[(0,4),(3,3),(0,1),(3,2)],[(3,1),(0,2),(3,1)],[(2,4),(1,3),(2,3)],[(2,1),(1,4),(2,2),(1,3)]];22;4;6;49;4292;17;10458;17;3220708
[[(2,4),(3,1),(2,4),(3,1)],[(3,1),(2,2),(3,2),(2,2)],[(0,4),(1,3),(0,2)],[(2,1),(3,4),(2,4)],[(1,3),(0,1),(1,2),(0,3)],[(0,3),(1,4),(0,3),(1,1)]];22;4;6;55;4042;17;14959;17;3560209
[[(2,3),(3,2),(2,1)],[(3,1),(2,3),(3,3),(2,4)],[(1,4),(0,1),(1,3)],[(1,4),(0,3),(1,1),(0,3)],[(2,4),(3,3),(2,3),(3,3)],[(0,3),(1,2),(0,2),(1,1)]];22;4;6;57;4625;18;12000;18;3772542
[[(0,1),(3,3),(0,3),(3,2)],[(2,1),(1,3),(2,1)],[(3,3),(0,1),(3,2),(0,3)],[(2,1),(1,4),(2,1),(1,4)],[(1,3),(2,3),(1,4),(2,2)],[(3,3),(0,4),(3,2)]];22;4;6;54;4875;18;20750;18;3467083
[[(3,4),(0,4),(3,2),(0,3)],[(1,4),(2,1),(1,1),(2,1)],[(2,3),(1,2),(2,3),(1,1)],[(0,3),(3,4),(0,2)],[(2,4),(1,3),(2,2)],[(0,4),(3,3),(0,1),(3,3)]];22;4;6;58;3250;17;13500;17;3349417
[[(1,2),(2,2),(1,4),(2,4)],[(3,2),(0,4),(3,4),(0,4)],[(0,4),(3,2),(0,2)],[(2,2),(1,2),(2,4),(1,3)],[(2,1),(1,1),(2,2)],[(0,2),(3,1),(0,3),(3,3)]];22;4;6;58;3708;19;18500;19;3333875
[[(1,4),(0,2),(1,3),(0,3)],[(2,1),(3,4),(2,3)],[(0,1),(1,4),(0,2),(1,1)],[(3,4),(2,3),(3,1),(2,4)],[(2,4),(3,4),(2,1),(3,2)],[(0,1),(1,4),(0,2)]];22;4;6;58;5291;18;18917;17;3372959
[[(2,1),(0,3),(2,2),(0,4)],[(0,1),(2,1),(0,4),(2,1)],[(0,1),(2,3),(0,1)],[(3,3),(1,4),(3,2)],[(3,2),(1,4),(3,4),(1,1)],[(1,3),(3,3),(1,1),(3,4)]];22;4;6;53;17209;19;11958;18;3386750
[[(3,3),(2,1),(3,1)],[(0,3),(1,4),(0,1),(1,1)],[(1,4),(0,2),(1,2),(0,4)],[(0,2),(1,3),(0,2)],[(2,1),(3,1),(2,2),(3,3)],[(3,4),(2,2),(3,4),(2,3)]];22;4;6;53;5875;17;18333;16;3670917
[[(2,2),(0,4),(2,3),(0,4)],[(0,1),(2,2),(0,1),(2,4)],[(1,2),(3,4),(1,2),(3,1)],[(3,1),(1,2),(3,2)],[(3,4),(1,4),(3,4),(1,3)],[(2,1),(0,4),(2,3)]];22;4;6;58;8000;18;8458;16;3243542
[[(0,3),(3,4),(0,1)],[(2,3),(1,3),(2,1),(1,3)],[(0,1),(3,3),(0,2),(3,2)],[(1,4),(2,4),(1,4),(2,3)],[(3,3),(0,3),(3,1),(0,3)],[(1,3),(2,1),(1,2)]];22;4;6;57;3875;19;11292;19;3336084
[[(2,3),(0,3),(2,4),(0,3)],[(0,4),(2,2),(0,4)],[(1,4),(3,3),(1,4),(3,3)],[(0,2),(2,1),(0,3),(2,4)],[(1,2),(3,3),(1,2)],[(3,2),(1,1),(3,4),(1,4)]];22;4;6;65;7208;20;9084;19;3048167
[[(2,3),(3,2),(2,3)],[(3,2),(2,2),(3,3),(2,3)],[(0,3),(1,3),(0,2),(1,3)],[(1,1),(0,2),(1,2),(0,4)],[(1,1),(0,4),(1,1)],[(2,3),(3,2),(2,2),(3,3)]];22;4;6;54;4166;16;15584;16;3237583
[[(2,1),(1,3),(2,1),(1,1)],[(0,2),(3,4),(0,2),(3,4)],[(3,3),(0,2),(3,1),(0,1)],[(3,3),(0,3),(3,3)],[(2,1),(1,1),(2,3)],[(1,2),(2,4),(1,3),(2,3)]];22;4;6;51;10916;18;9292;18;3174416
[[(3,1),(0,1),(3,1)],[(2,4),(1,3),(2,4),(1,1)],[(1,2),(2,4),(1,3),(2,1)],[(0,3),(3,3),(0,4),(3,3)],[(2,1),(1,1),(2,1)],[(3,1),(0,1),(3,3),(0,3)]];22;4;6;49;4375;15;12792;15;3189125
[[(3,2),(2,2),(3,2),(2,1)],[(3,1),(2,2),(3,1)],[(0,4),(1,4),(0,3),(1,3)],[(1,2),(0,1),(1,3),(0,3)],[(0,2),(1,3),(0,1)],[(2,1),(3,4),(2,2),(3,2)]];22;4;6;49;8792;17;9500;16;3089042
[[(1,2),(3,2),(1,2)],[(0,1),(2,3),(0,2),(2,3)],[(2,2),(0,4),(2,1),(0,2)],[(0,1),(2,2),(0,1)],[(1,2),(3,3),(1,4),(3,2)],[(3,4),(1,1),(3,4),(1,4)]];22;4;6;52;4291;17;13041;17;3164417
[[(0,2),(3,3),(0,2),(3,3)],[(2,2),(1,1),(2,4)],[(1,3),(2,2),(1,3),(2,4)],[(3,3),(0,3),(3,2),(0,3)],[(3,2),(0,1),(3,4)],[(2,3),(1,4),(2,2),(1,4)]];22;4;6;60;11958;17;8542;17;3008208
[[(3,4),(2,1),(3,2),(2,1)],[(3,3),(2,2),(3,2)],[(0,1),(1,2),(0,4)],[(1,1),(0,4),(1,3),(0,3)],[(2,3),(3,2),(2,2),(3,4)],[(0,4),(1,3),(0,4),(1,3)]];22;4;6;58;3333;20;10125;20;3192459
[[(0,1),(3,1),(0,3),(3,2)],[(2,1),(1,3),(2,1),(1,2)],[(3,4),(0,3),(3,1),(0,3)],[(2,1),(1,4),(2,2)],[(3,2),(0,3),(3,4)],[(1,3),(2,4),(1,4),(2,1)]];22;4;6;53;16917;16;10209;16;3185709
[[(3,3),(0,1),(3,4)],[(3,4),(0,1),(3,2),(0,2)],[(2,4),(1,3),(2,2),(1,3)],[(2,4),(1,4),(2,1)],[(0,2),(3,3),(0,3),(3,1)],[(1,1),(2,3),(1,3),(2,4)]];22;4;6;58;4625;19;15375;18;3217875
[[(3,3),(0,2),(3,3),(0,2)],[(0,1),(3,3),(0,3),(3,3)],[(0,3),(3,3),(0,1)],[(2,4),(1,1),(2,1),(1,3)],[(1,2),(2,3),(1,2),(2,4)],[(1,2),(2,3),(1,4)]];22;4;6;56;16125;17;13000;16;3374375
[[(1,2),(3,1),(1,3),(3,2)],[(0,1),(2,1),(0,2),(2,3)],[(1,4),(3,1),(1,3)],[(3,1),(1,4),(3,4),(1,1)],[(0,1),(2,1),(0,3)],[(2,2),(0,1),(2,3),(0,1)]];22;4;6;45;4292;17;12208;17;3365500
[[(3,3),(1,1),(3,2)],[(2,3),(0,3),(2,2)],[(0,1),(2,4),(0,3),(2,3)],[(1,4),(3,3),(1,4),(3,2)],[(3,4),(1,4),(3,2),(1,2)],[(2,4),(0,4),(2,4),(0,2)]];22;4;6;64;9583;20;8500;20;3213125
[[(2,3),(0,4),(2,1),(0,1)],[(1,3),(3,3),(1,3)],[(0,1),(2,2),(0,3),(2,1)],[(1,3),(3,4),(1,2),(3,3)],[(3,3),(1,1),(3,1),(1,2)],[(0,2),(2,3),(0,3)]];22;4;6;52;4125;15;14917;14;2964666
[[(3,1),(2,2),(3,1),(2,3)],[(0,2),(1,3),(0,3)],[(1,1),(0,3),(1,4),(0,1)],[(2,1),(3,3),(2,2),(3,2)],[(0,2),(1,4),(0,1),(1,3)],[(2,2),(3,2),(2,4)]];22;4;6;50;13542;16;8708;16;3118417
[[(1,1),(0,4),(1,2),(0,1)],[(2,1),(3,2),(2,2),(3,1)],[(0,1),(1,1),(0,1),(1,3)],[(3,3),(2,1),(3,3)],[(0,1),(1,1),(0,3)],[(3,4),(2,4),(3,3),(2,4)]];22;4;6;47;4208;19;11625;16;3209125
[[(3,1),(1,2),(3,2),(1,2)],[(2,4),(0,2),(2,3),(0,1)],[(1,1),(3,4),(1,1),(3,4)],[(3,1),(1,4),(3,2)],[(2,1),(0,3),(2,1)],[(0,1),(2,3),(0,4),(2,2)]];22;4;6;49;7625;15;13125;14;3165167
[[(1,3),(2,2),(1,2),(2,2)],[(2,4),(1,2),(2,1)],[(3,4),(0,2),(3,1),(0,2)],[(3,4),(0,2),(3,1)],[(0,1),(3,4),(0,2),(3,4)],[(2,1),(1,2),(2,1),(1,4)]];22;4;6;51;4291;18;15041;18;3161000
[[(2,1),(0,1),(2,3),(0,1)],[(3,4),(1,3),(3,2),(1,1)],[(0,3),(2,2),(0,2),(2,3)],[(1,1),(3,4),(1,1)],[(1,4),(3,1),(1,4),(3,1)],[(2,3),(0,4),(2,2)]];22;4;6;51;13208;14;8708;14;3049334
[[(1,2),(0,4),(1,2)],[(3,2),(2,2),(3,1),(2,2)],[(2,4),(3,4),(2,1),(3,1)],[(2,3),(3,3),(2,1)],[(1,2),(0,1),(1,3),(0,2)],[(0,1),(1,3),(0,4),(1,3)]];22;4;6;51;4041;15;11042;15;3108875
[[(0,2),(3,1),(0,2),(3,1)],[(3,3),(0,3),(3,3),(0,2)],[(2,2),(1,3),(2,1),(1,3)],[(1,1),(2,1),(1,1),(2,3)],[(3,1),(0,4),(3,3)],[(1,1),(2,4),(1,2)]];22;4;6;47;8667;14;13041;14;3315791
[[(1,2),(3,1),(1,2),(3,1)],[(0,1),(2,2),(0,3),(2,3)],[(0,1),(2,1),(0,2)],[(3,3),(1,1),(3,4),(1,1)],[(2,3),(0,2),(2,2),(0,3)],[(1,1),(3,1),(1,2)]];22;4;6;42;3416;13;11833;13;3132625
[[(3,1),(0,4),(3,1),(0,4)],[(2,1),(1,4),(2,1),(1,4)],[(1,3),(2,2),(1,1)],[(1,3),(2,3),(1,4),(2,4)],[(0,4),(3,4),(0,1)],[(0,4),(3,2),(0,3),(3,4)]];22;4;6;62;16750;20;9958;20;3333334
[[(0,3),(3,4),(0,2),(3,4)],[(2,2),(1,4),(2,2)],[(0,2),(3,4),(0,4)],[(1,3),(2,4),(1,2),(2,1)],[(3,4),(0,4),(3,1),(0,3)],[(2,1),(1,1),(2,3),(1,4)]];22;4;6;62;3875;19;14958;18;3262750
[[(0,4),(2,3),(0,1),(2,1)],[(1,4),(3,2),(1,3),(3,3)],[(0,1),(2,1),(0,3)],[(1,1),(3,3),(1,4)],[(3,1),(1,1),(3,1),(1,3)],[(2,2),(0,1),(2,1),(0,4)]];22;4;6;48;3584;16;10833;16;3124375
[[(0,4),(2,2),(0,1),(2,2)],[(3,2),(1,4),(3,3),(1,4)],[(2,2),(0,1),(2,3),(0,4)],[(2,1),(0,1),(2,1)],[(1,3),(3,2),(1,1),(3,2)],[(3,3),(1,2),(3,4)]];22;4;6;52;4208;16;14000;16;3200583
[[(0,2),(1,1),(0,1)],[(3,3),(2,2),(3,3)],[(0,1),(1,1),(0,4),(1,3)],[(3,4),(2,3),(3,1),(2,3)],[(1,3),(0,3),(1,2),(0,2)],[(2,3),(3,1),(2,1),(3,1)]];22;4;6;48;3375;15;13084;13;3302791
[[(2,4),(1,4),(2,2)],[(1,3),(2,1),(1,4),(2,4)],[(3,2),(0,3),(3,1)],[(2,4),(1,3),(2,1),(1,1)],[(3,4),(0,1),(3,3),(0,2)],[(0,2),(3,1),(0,4),(3,1)]];22;4;6;55;7667;19;13583;17;3258792
[[(0,4),(1,2),(0,4)],[(1,1),(0,2),(1,3),(0,3)],[(3,3),(2,4),(3,1),(2,1)],[(2,2),(3,1),(2,2),(3,3)],[(3,2),(2,3),(3,4)],[(0,4),(1,3),(0,2),(1,1)]];22;4;6;55;3709;19;13000;19;3097458
[[(1,3),(0,3),(1,1),(0,1)],[(3,2),(2,4),(3,3),(2,1)],[(0,1),(1,3),(0,2),(1,2)],[(2,3),(3,4),(2,1)],[(2,1),(3,3),(2,1),(3,3)],[(1,4),(0,4),(1,4)]];22;4;6;54;10584;17;9042;17;3236583
[[(0,4),(2,2),(0,3),(2,2)],[(0,1),(2,1),(0,4)],[(2,2),(0,1),(2,3),(0,2)],[(1,1),(3,2),(1,1),(3,4)],[(3,1),(1,4),(3,4),(1,1)],[(1,2),(3,1),(1,4)]];22;4;6;50;3333;15;14125;15;3204083
[[(2,4),(3,4),(2,4),(3,1)],[(0,2),(1,2),(0,3),(1,3)],[(2,1),(3,2),(2,2)],[(1,2),(0,2),(1,3),(0,1)],[(3,1),(2,4),(3,1),(2,4)],[(1,4),(0,1),(1,1)]];22;4;6;52;7583;19;8250;19;3124625
[[(2,3),(3,3),(2,3),(3,3)],[(0,2),(1,2),(0,4),(1,3)],[(2,4),(3,1),(2,4)],[(1,3),(0,4),(1,1),(0,1)],[(3,1),(2,1),(3,1),(2,1)],[(0,1),(1,1),(0,2)]];22;4;6;49;4125;16;15667;16;3261125
[[(1,2),(0,1),(1,1)],[(2,4),(3,1),(2,2),(3,4)],[(3,4),(2,4),(3,1)],[(1,1),(0,3),(1,2),(0,1)],[(0,3),(1,4),(0,4),(1,2)],[(3,4),(2,2),(3,3),(2,1)]];22;4;6;54;7292;17;13083;17;3136458
[[(3,3),(0,3),(3,2),(0,3)],[(0,1),(3,2),(0,3)],[(2,1),(1,1),(2,3)],[(1,1),(2,1),(1,3),(2,2)],[(0,4),(3,3),(0,4),(3,1)],[(2,4),(1,2),(2,2),(1,3)]];22;4;6;52;4042;18;23167;18;3243750
[[(0,2),(2,3),(0,1)],[(1,4),(3,2),(1,3),(3,2)],[(2,4),(0,2),(2,3),(0,1)],[(3,4),(1,4),(3,3),(1,3)],[(0,2),(2,3),(0,2),(2,4)],[(1,3),(3,1),(1,3)]];22;4;6;59;3250;20;12083;20;3257750
[[(1,4),(2,4),(1,3)],[(0,1),(3,1),(0,1)],[(0,3),(3,2),(0,2),(3,1)],[(2,4),(1,4),(2,4),(1,1)],[(3,1),(0,1),(3,4),(0,4)],[(1,3),(2,2),(1,2),(2,1)]];22;4;6;53;3000;17;14584;17;3224917
[[(3,3),(2,3),(3,1),(2,3)],[(0,4),(1,2),(0,4)],[(0,3),(1,1),(0,4),(1,2)],[(3,2),(2,3),(3,1)],[(2,2),(3,1),(2,2),(3,2)],[(1,4),(0,2),(1,3),(0,2)]];22;4;6;54;4959;19;16584;19;3172958
[[(0,1),(3,4),(0,4),(3,4)],[(2,3),(1,1),(2,4),(1,3)],[(0,2),(3,4),(0,2)],[(1,3),(2,3),(1,4),(2,3)],[(3,3),(0,3),(3,1),(0,3)],[(1,1),(2,1),(1,1)]];22;4;6;58;3375;16;11583;16;3205292
[[(2,4),(1,3),(2,4),(1,4)],[(3,2),(0,3),(3,2),(0,3)],[(1,1),(2,3),(1,2),(2,3)],[(1,1),(2,2),(1,2)],[(3,3),(0,3),(3,1)],[(0,2),(3,3),(0,1),(3,3)]];22;4;6;55;3041;17;11791;17;3176417
[[(3,1),(2,2),(3,2)],[(3,4),(2,3),(3,2),(2,2)],[(2,4),(3,4),(2,4),(3,3)],[(1,4),(0,3),(1,3),(0,4)],[(0,4),(1,1),(0,2),(1,4)],[(1,4),(0,4),(1,3)]];22;4;6;67;8459;19;10833;19;3186708
[[(0,1),(1,3),(0,3),(1,3)],[(3,3),(2,3),(3,1),(2,1)],[(0,1),(1,3),(0,1)],[(1,3),(0,2),(1,4),(0,4)],[(2,3),(3,2),(2,1)],[(2,3),(3,4),(2,4),(3,3)]];22;4;6;56;3334;17;12458;16;3405583
[[(1,1),(2,2),(1,2),(2,1)],[(1,1),(2,3),(1,1)],[(0,1),(3,3),(0,4),(3,3)],[(3,4),(0,2),(3,1)],[(2,2),(1,1),(2,4),(1,3)],[(3,1),(0,3),(3,1),(0,2)]];22;4;6;46;3709;16;8667;13;3428333
[[(1,4),(2,2),(1,1)],[(0,1),(3,4),(0,2),(3,4)],[(0,1),(3,4),(0,2)],[(1,4),(2,2),(1,4),(2,4)],[(2,3),(1,1),(2,3),(1,2)],[(3,4),(0,4),(3,2),(0,2)]];22;4;6;60;4542;18;13709;18;3330750
[[(1,3),(2,3),(1,3)],[(0,4),(3,2),(0,4)],[(3,4),(0,1),(3,3),(0,4)],[(1,3),(2,4),(1,2),(2,4)],[(2,3),(1,4),(2,2),(1,4)],[(0,3),(3,3),(0,1),(3,4)]];22;4;6;68;5041;19;13125;19;3151625
[[(0,3),(2,1),(0,3)],[(3,3),(1,4),(3,3),(1,3)],[(1,2),(3,3),(1,4),(3,4)],[(2,2),(0,1),(2,4),(0,2)],[(0,1),(2,2),(0,2),(2,3)],[(1,2),(3,4),(1,2)]];22;4;6;58;4333;17;17084;17;3053667
[[(2,1),(1,2),(2,4),(1,3)],[(1,2),(2,2),(1,4),(2,2)],[(3,1),(0,1),(3,1),(0,4)],[(3,1),(0,1),(3,1)],[(0,4),(3,4),(0,4),(3,2)],[(1,4),(2,2),(1,3)]];22;4;6;53;3666;18;11458;18;3309458
[[(0,3),(3,1),(0,3),(3,2)],[(1,2),(2,1),(1,1),(2,2)],[(2,3),(1,2),(2,1),(1,4)],[(3,2),(0,3),(3,3)],[(1,2),(2,2),(1,2)],[(3,2),(0,4),(3,4),(0,3)]];22;4;6;52;9083;17;14083;16;3329583
[[(1,2),(0,2),(1,3),(0,1)],[(3,2),(2,3),(3,1),(2,1)],[(0,1),(1,1),(0,4),(1,1)],[(2,2),(3,1),(2,3)],[(1,4),(0,1),(1,4)],[(2,4),(3,4),(2,1),(3,3)]];22;4;6;49;4291;16;12375;15;3321833
[[(3,2),(1,4),(3,3),(1,1)],[(0,4),(2,3),(0,1),(2,3)],[(2,2),(0,4),(2,1),(0,1)],[(1,1),(3,2),(1,2)],[(2,2),(0,1),(2,3)],[(1,3),(3,2),(1,4),(3,3)]];22;4;6;52;3958;17;13916;15;2921041
[[(2,3),(3,2),(2,3),(3,3)],[(0,2),(1,3),(0,2),(1,2)],[(1,4),(0,4),(1,2),(0,4)],[(1,2),(0,2),(1,2)],[(3,3),(2,4),(3,2)],[(3,2),(2,3),(3,3),(2,1)]];22;4;6;58;4042;16;10875;16;3254083
[[(0,2),(1,2),(0,1),(1,2)],[(2,4),(3,4),(2,1),(3,4)],[(0,4),(1,2),(0,4)],[(3,4),(2,3),(3,1),(2,3)],[(3,3),(2,1),(3,3)],[(1,3),(0,1),(1,4),(0,3)]];22;4;6;59;7667;19;11667;19;3306792
[[(3,3),(0,4),(3,2)],[(2,3),(1,1),(2,3),(1,1)],[(0,1),(3,1),(0,1),(3,3)],[(2,2),(1,4),(2,3)],[(1,3),(2,4),(1,1),(2,2)],[(3,3),(0,3),(3,4),(0,1)]];22;4;6;53;8041;17;14125;17;3100667
[[(1,3),(3,2),(1,1),(3,1)],[(3,1),(1,4),(3,3),(1,3)],[(3,1),(1,3),(3,4)],[(2,2),(0,4),(2,1),(0,4)],[(2,1),(0,4),(2,2)],[(0,3),(2,4),(0,1),(2,2)]];22;4;6;54;9375;16;12791;16;3110458
[[(0,4),(2,4),(0,1),(2,3)],[(1,1),(3,1),(1,1),(3,1)],[(2,4),(0,2),(2,4),(0,2)],[(3,4),(1,4),(3,3),(1,2)],[(3,4),(1,4),(3,2)],[(2,3),(0,1),(2,1)]];22;4;6;56;3250;19;23917;19;3099667
[[(0,1),(2,1),(0,2),(2,1)],[(1,4),(3,1),(1,2),(3,2)],[(3,1),(1,1),(3,3)],[(3,2),(1,4),(3,3),(1,3)],[(2,1),(0,2),(2,3),(0,4)],[(2,1),(0,4),(2,1)]];22;4;6;47;10500;15;8875;15;3136583
[[(3,2),(2,1),(3,3),(2,4)],[(0,2),(1,3),(0,3),(1,4)],[(1,1),(0,1),(1,4),(0,1)],[(2,4),(3,3),(2,1),(3,4)],[(2,3),(3,3),(2,1)],[(0,1),(1,1),(0,1)]];22;4;6;51;3250;17;12458;17;3097958
[[(0,4),(2,4),(0,3),(2,3)],[(2,1),(0,4),(2,4),(0,2)],[(1,3),(3,3),(1,4),(3,4)],[(1,2),(3,3),(1,1)],[(2,2),(0,1),(2,1)],[(3,3),(1,3),(3,1),(1,3)]];22;4;6;59;10500;16;13792;16;3172084
[[(2,2),(1,3),(2,4)],[(2,3),(1,3),(2,2),(1,2)],[(0,1),(3,3),(0,2),(3,1)],[(0,4),(3,1),(0,3)],[(1,3),(2,1),(1,4),(2,3)],[(3,2),(0,3),(3,3),(0,2)]];22;4;6;55;3500;16;11834;16;3338959
[[(3,1),(2,2),(3,2)],[(3,3),(2,4),(3,2),(2,2)],[(0,4),(1,3),(0,1)],[(2,1),(3,1),(2,3),(3,3)],[(1,4),(0,1),(1,4),(0,3)],[(0,3),(1,1),(0,2),(1,4)]];22;4;6;54;7500;16;8834;16;3165083
[[(0,1),(2,2),(0,2),(2,2)],[(1,4),(3,3),(1,2)],[(1,4),(3,3),(1,3),(3,3)],[(2,4),(0,3),(2,4),(0,2)],[(2,4),(0,1),(2,2)],[(3,4),(1,2),(3,2),(1,4)]];22;4;6;61;3625;19;12417;19;3412167
[[(3,3),(2,1),(3,1),(2,2)],[(1,3),(0,1),(1,3),(0,1)],[(2,3),(3,4),(2,1)],[(0,1),(1,1),(0,1)],[(0,2),(1,1),(0,2),(1,4)],[(2,1),(3,4),(2,3),(3,4)]];22;4;6;47;8875;18;10125;16;3061500
[[(2,4),(3,4),(2,4)],[(0,4),(1,4),(0,4),(1,4)],[(3,4),(2,4),(3,3),(2,1)],[(1,3),(0,4),(1,2),(0,4)],[(1,1),(0,4),(1,4)],[(2,1),(3,4),(2,1),(3,2)]];22;4;6;70;4375;20;16500;20;3179750
[[(2,3),(0,2),(2,1),(0,3)],[(3,1),(1,3),(3,1)],[(2,4),(0,4),(2,2)],[(0,2),(2,4),(0,4),(2,2)],[(3,3),(1,4),(3,4),(1,4)],[(1,3),(3,3),(1,4),(3,2)]];22;4;6;63;8416;18;9500;18;3314417
[[(2,4),(3,2),(2,3),(3,1)],[(3,3),(2,3),(3,3)],[(3,3),(2,4),(3,3),(2,2)],[(1,3),(0,4),(1,4),(0,3)],[(0,2),(1,4),(0,4),(1,4)],[(0,4),(1,4),(0,1)]];22;4;6;68;3583;19;10333;19;3074083
[[(3,1),(1,3),(3,1)],[(3,2),(1,4),(3,4),(1,4)],[(1,1),(3,3),(1,3),(3,3)],[(0,3),(2,2),(0,3),(2,4)],[(2,2),(0,2),(2,4),(0,4)],[(0,1),(2,1),(0,1)]];22;4;6;56;7458;16;9042;16;3064750
[[(1,4),(2,1),(1,4),(2,1)],[(3,4),(0,4),(3,2),(0,1)],[(2,2),(1,3),(2,4),(1,4)],[(2,2),(1,4),(2,1)],[(0,4),(3,3),(0,1),(3,3)],[(3,2),(0,2),(3,4)]];22;4;6;60;4125;19;14416;19;3209875
[[(1,2),(3,1),(1,4)],[(3,3),(1,3),(3,2),(1,4)],[(2,1),(0,4),(2,3),(0,2)],[(0,3),(2,3),(0,2),(2,3)],[(2,2),(0,2),(2,3)],[(1,1),(3,3),(1,3),(3,2)]];22;4;6;56;13291;17;17541;17;3340000
[[(1,3),(0,2),(1,3),(0,2)],[(3,4),(2,1),(3,2)],[(1,2),(0,1),(1,3)],[(3,3),(2,1),(3,4),(2,1)],[(2,3),(3,4),(2,1),(3,4)],[(0,3),(1,1),(0,3),(1,4)]];22;4;6;55;4667;21;14708;21;3532250
[[(0,4),(2,3),(0,3),(2,2)],[(3,1),(1,4),(3,4),(1,1)],[(2,3),(0,4),(2,2),(0,1)],[(1,3),(3,3),(1,1),(3,4)],[(1,4),(3,1),(1,4)],[(0,4),(2,1),(0,3)]];22;4;6;60;10792;19;8833;19;3250416
[[(0,3),(3,4),(0,3),(3,1)],[(2,2),(1,2),(2,3)],[(1,1),(2,1),(1,2),(2,4)],[(0,3),(3,3),(0,4)],[(2,1),(1,3),(2,4),(1,1)],[(3,4),(0,2),(3,3),(0,3)]];22;4;6;57;5042;18;15917;18;3333292
[[(1,4),(3,4),(1,2),(3,3)],[(0,4),(2,2),(0,2),(2,1)],[(0,3),(2,4),(0,2)],[(3,2),(1,4),(3,2),(1,1)],[(2,3),(0,2),(2,4),(0,4)],[(3,1),(1,4),(3,2)]];22;4;6;60;9291;19;11042;17;3206792
[[(3,2),(0,2),(3,3),(0,3)],[(2,2),(1,3),(2,2)],[(2,1),(1,1),(2,2),(1,3)],[(1,3),(2,1),(1,1),(2,1)],[(0,2),(3,3),(0,1)],[(0,3),(3,4),(0,2),(3,4)]];22;4;6;49;5042;16;14667;16;3431417
[[(2,2),(0,1),(2,2),(0,3)],[(1,3),(3,1),(1,4),(3,2)],[(1,1),(3,1),(1,2)],[(2,2),(0,1),(2,4)],[(0,1),(2,4),(0,1),(2,1)],[(3,1),(1,3),(3,2),(1,4)]];22;4;6;46;8500;17;9500;17;3346875
[[(3,2),(2,4),(3,4),(2,3)],[(2,1),(3,3),(2,1),(3,1)],[(1,1),(0,4),(1,1),(0,2)],[(1,2),(0,2),(1,1)],[(0,2),(1,4),(0,1),(1,2)],[(2,2),(3,1),(2,3)]];22;4;6;47;4209;14;16666;14;3431542
[[(2,4),(3,4),(2,4),(3,4)],[(1,1),(0,4),(1,4),(0,3)],[(3,1),(2,1),(3,4),(2,4)],[(2,1),(3,3),(2,4)],[(0,1),(1,4),(0,4),(1,1)],[(1,4),(0,1),(1,3)]];22;4;6;64;10417;20;13708;18;3520750
[[(0,2),(2,4),(0,3),(2,2)],[(1,2),(3,3),(1,3),(3,4)],[(2,1),(0,1),(2,1)],[(2,4),(0,2),(2,1),(0,2)],[(3,2),(1,4),(3,2),(1,3)],[(1,4),(3,3),(1,1)]];22;4;6;54;3709;17;12458;17;3165959
[[(2,1),(1,1),(2,3),(1,4)],[(0,3),(3,4),(0,2)],[(2,2),(1,2),(2,4)],[(3,3),(0,1),(3,4),(0,4)],[(0,2),(3,1),(0,1),(3,2)],[(1,3),(2,3),(1,2),(2,2)]];22;4;6;54;15708;16;9000;15;3277791
[[(3,2),(0,3),(3,2),(0,2)],[(3,1),(0,2),(3,4)],[(2,2),(1,3),(2,4),(1,1)],[(2,3),(1,3),(2,2)],[(0,2),(3,3),(0,3),(3,3)],[(1,1),(2,2),(1,1),(2,1)]];22;4;6;50;4167;15;12416;15;2943167
[[(1,2),(0,2),(1,4),(0,1)],[(3,2),(2,2),(3,4),(2,4)],[(2,3),(3,3),(2,3)],[(1,2),(0,4),(1,1)],[(2,4),(3,1),(2,3),(3,4)],[(0,4),(1,2),(0,2),(1,4)]];22;4;6;61;3792;19;15791;19;3088334
[[(1,1),(0,3),(1,4),(0,3)],[(0,4),(1,1),(0,2),(1,2)],[(3,3),(2,1),(3,3)],[(3,1),(2,2),(3,4),(2,2)],[(2,2),(3,2),(2,3),(3,3)],[(1,4),(0,1),(1,4)]];22;4;6;55;4042;17;12666;16;3277833
[[(0,2),(2,3),(0,3),(2,2)],[(2,2),(0,3),(2,1),(0,2)],[(2,1),(0,4),(2,4)],[(3,1),(1,1),(3,4),(1,1)],[(1,3),(3,3),(1,1),(3,4)],[(3,3),(1,4),(3,3)]];22;4;6;55;4041;18;16125;18;3250375
[[(1,2),(0,2),(1,3),(0,3)],[(2,3),(3,4),(2,4),(3,2)],[(3,1),(2,1),(3,3)],[(0,4),(1,1),(0,2),(1,4)],[(1,4),(0,4),(1,2)],[(3,4),(2,4),(3,4),(2,3)]];22;4;6;64;4750;19;12208;18;3239625
[[(3,3),(1,4),(3,3),(1,1)],[(1,2),(3,4),(1,3)],[(0,4),(2,4),(0,2),(2,1)],[(1,3),(3,3),(1,2),(3,4)],[(2,1),(0,3),(2,3)],[(2,1),(0,3),(2,4),(0,3)]];22;4;6;61;3833;18;22000;17;3188042
[[(2,3),(1,1),(2,2),(1,4)],[(0,2),(3,3),(0,4),(3,1)],[(3,3),(0,2),(3,2),(0,2)],[(3,1),(0,1),(3,2)],[(1,1),(2,3),(1,3),(2,1)],[(1,4),(2,2),(1,4)]];22;4;6;51;3875;17;9167;17;3084125
[[(2,1),(0,3),(2,4)],[(0,3),(2,3),(0,1),(2,1)],[(3,1),(1,3),(3,1)],[(3,1),(1,1),(3,2),(1,2)],[(2,1),(0,3),(2,4),(0,2)],[(1,3),(3,1),(1,4),(3,2)]];22;4;6;47;4875;16;16208;15;3201209
[[(1,3),(3,2),(1,1),(3,3)],[(3,1),(1,2),(3,1),(1,1)],[(2,3),(0,4),(2,1),(0,2)],[(0,4),(2,3),(0,2),(2,1)],[(1,3),(3,4),(1,1)],[(2,1),(0,2),(2,2)]];22;4;6;47;3416;14;8750;14;3215042
[[(1,2),(3,2),(1,4),(3,3)],[(0,3),(2,2),(0,2),(2,2)],[(0,4),(2,3),(0,3)],[(1,2),(3,2),(1,1)],[(3,1),(1,2),(3,2),(1,2)],[(2,3),(0,3),(2,2),(0,1)]];22;4;6;51;4083;16;21250;16;3602083
[[(3,4),(2,4),(3,2)],[(1,4),(0,2),(1,4),(0,3)],[(3,4),(2,1),(3,1),(2,3)],[(2,3),(3,3),(2,1),(3,2)],[(0,2),(1,2),(0,2)],[(0,2),(1,3),(0,3),(1,4)]];22;4;6;59;3292;17;8167;17;3294541
[[(1,2),(0,2),(1,3),(0,2)],[(1,2),(0,3),(1,2)],[(2,4),(3,4),(2,1)],[(0,1),(1,3),(0,2),(1,2)],[(2,2),(3,2),(2,2),(3,3)],[(3,4),(2,1),(3,4),(2,3)]];22;4;6;54;3500;17;16208;17;3256291
[[(3,1),(0,2),(3,2),(0,3)],[(0,4),(3,2),(0,4),(3,1)],[(1,4),(2,4),(1,4)],[(0,1),(3,2),(0,1)],[(1,1),(2,3),(1,4),(2,1)],[(2,1),(1,3),(2,4),(1,3)]];22;4;6;55;3333;19;8250;19;3192125
[[(0,3),(2,3),(0,2)],[(3,4),(1,2),(3,2)],[(0,4),(2,1),(0,4),(2,4)],[(3,1),(1,3),(3,3),(1,3)],[(1,2),(3,1),(1,1),(3,3)],[(2,4),(0,2),(2,3),(0,4)]];22;4;6;59;3583;19;11500;19;2968416
[[(0,3),(3,1),(0,4),(3,4)],[(1,1),(2,4),(1,3),(2,2)],[(2,3),(1,2),(2,2),(1,4)],[(3,4),(0,4),(3,1),(0,4)],[(0,2),(3,4),(0,4)],[(2,3),(1,1),(2,1)]];22;4;6;61;4000;21;9208;21;3438833
[[(1,2),(2,2),(1,4),(2,1)],[(3,4),(0,4),(3,3),(0,4)],[(2,3),(1,3),(2,4),(1,3)],[(0,4),(3,3),(0,4),(3,4)],[(3,2),(0,1),(3,3)],[(1,2),(2,1),(1,2)]];22;4;6;63;3584;19;15917;19;3479084
[[(0,1),(3,1),(0,1),(3,3)],[(3,2),(0,2),(3,2)],[(1,2),(2,1),(1,3)],[(2,3),(1,3),(2,3),(1,4)],[(1,3),(2,2),(1,3),(2,4)],[(3,4),(0,4),(3,4),(0,4)]];22;4;6;59;4959;18;14250;18;3284333
[[(2,4),(3,4),(2,1),(3,1)],[(1,2),(0,4),(1,4),(0,3)],[(0,1),(1,4),(0,1),(1,2)],[(1,4),(0,2),(1,2)],[(3,3),(2,2),(3,4),(2,1)],[(3,3),(2,1),(3,1)]];22;4;6;54;3916;18;13541;18;3240250
[[(3,4),(0,2),(3,2),(0,1)],[(3,2),(0,1),(3,1)],[(0,3),(3,1),(0,1),(3,1)],[(1,3),(2,1),(1,2),(2,3)],[(2,3),(1,3),(2,4),(1,1)],[(2,4),(1,3),(2,4)]];22;4;6;50;10208;19;9458;19;3116917
[[(0,1),(2,1),(0,2),(2,3)],[(2,2),(0,3),(2,1)],[(3,3),(1,1),(3,3),(1,4)],[(2,4),(0,2),(2,1),(0,1)],[(3,3),(1,2),(3,2)],[(1,3),(3,4),(1,4),(3,4)]];22;4;6;54;4208;19;12291;19;3263166
[[(0,4),(3,4),(0,2),(3,4)],[(1,3),(2,3),(1,2)],[(1,1),(2,4),(1,3),(2,1)],[(3,1),(0,4),(3,4)],[(3,4),(0,4),(3,2),(0,4)],[(2,4),(1,3),(2,3),(1,1)]];22;4;6;65;46125;19;9250;19;2912458
[[(3,2),(0,2),(3,3),(0,2)],[(2,1),(1,2),(2,3),(1,1)],[(1,1),(2,2),(1,1)],[(1,3),(2,4),(1,2),(2,4)],[(0,2),(3,3),(0,1),(3,3)],[(0,4),(3,1),(0,1)]];22;4;6;48;3209;15;15042;15;3189750
[[(0,2),(1,2),(0,2),(1,2)],[(1,2),(0,2),(1,2),(0,4)],[(2,1),(3,3),(2,2),(3,3)],[(3,2),(2,2),(3,1)],[(1,2),(0,3),(1,2)],[(3,1),(2,3),(3,2),(2,1)]];22;4;6;46;8292;13;8250;13;3213916
[[(3,1),(2,3),(3,3),(2,3)],[(0,3),(1,1),(0,1),(1,3)],[(0,2),(1,2),(0,3)],[(2,1),(3,2),(2,4)],[(1,2),(0,1),(1,1),(0,1)],[(2,3),(3,3),(2,2),(3,2)]];22;4;6;47;4125;16;11250;16;3258917
[[(0,2),(3,3),(0,3),(3,3)],[(1,2),(2,3),(1,2),(2,1)],[(3,4),(0,2),(3,1),(0,1)],[(2,2),(1,3),(2,4)],[(0,3),(3,4),(0,3)],[(2,3),(1,1),(2,4),(1,3)]];22;4;6;57;7875;19;9333;17;3144792
[[(2,4),(1,1),(2,4),(1,1)],[(3,4),(0,4),(3,4)],[(1,3),(2,2),(1,1),(2,2)],[(1,3),(2,3),(1,2)],[(3,3),(0,2),(3,2),(0,1)],[(0,4),(3,2),(0,2),(3,2)]];22;4;6;56;3167;17;9791;17;3045667
[[(0,1),(2,4),(0,3),(2,1)],[(1,2),(3,2),(1,3)],[(2,3),(0,2),(2,1),(0,2)],[(1,4),(3,1),(1,4),(3,4)],[(2,1),(0,2),(2,4)],[(3,2),(1,2),(3,2),(1,3)]];22;4;6;53;9209;19;8291;18;3155208
[[(1,4),(0,2),(1,3)],[(3,1),(2,2),(3,1)],[(0,2),(1,1),(0,1),(1,4)],[(2,2),(3,1),(2,3),(3,2)],[(1,1),(0,3),(1,2),(0,4)],[(3,2),(2,2),(3,2),(2,4)]];22;4;6;49;7417;15;15750;15;3238792
[[(0,2),(1,4),(0,1),(1,2)],[(3,4),(2,3),(3,3),(2,3)],[(2,1),(3,3),(2,4)],[(1,1),(0,1),(1,2),(0,2)],[(1,1),(0,4),(1,4)],[(2,2),(3,1),(2,2),(3,3)]];22;4;6;53;7625;16;8250;16;3190000
[[(0,4),(2,4),(0,1),(2,3)],[(0,1),(2,2),(0,3)],[(1,2),(3,1),(1,1),(3,1)],[(3,1),(1,4),(3,3)],[(3,3),(1,3),(3,3),(1,3)],[(2,2),(0,1),(2,1),(0,2)]];22;4;6;49;4458;15;15542;14;3312375
[[(0,2),(1,3),(0,3),(1,3)],[(3,4),(2,2),(3,3),(2,4)],[(1,4),(0,3),(1,4)],[(2,4),(3,4),(2,1),(3,3)],[(1,3),(0,3),(1,2),(0,3)],[(2,1),(3,3),(2,1)]];22;4;6;63;10209;19;10292;19;3053125
[[(0,3),(2,3),(0,3),(2,4)],[(1,3),(3,3),(1,3),(3,2)],[(2,3),(0,4),(2,2)],[(2,1),(0,1),(2,3),(0,2)],[(3,3),(1,3),(3,4),(1,3)],[(1,2),(3,1),(1,3)]];22;4;6;59;3375;17;10541;17;2949167
[[(2,2),(1,4),(2,4),(1,2)],[(2,3),(1,4),(2,3)],[(1,2),(2,1),(1,1),(2,4)],[(3,1),(0,2),(3,4),(0,3)],[(3,3),(0,3),(3,2)],[(0,2),(3,1),(0,3),(3,2)]];22;4;6;56;8250;17;9666;17;2952542
[[(3,3),(0,2),(3,2)],[(3,4),(0,2),(3,2),(0,4)],[(0,1),(3,4),(0,3),(3,2)],[(1,1),(2,4),(1,1)],[(1,4),(2,2),(1,2),(2,3)],[(2,1),(1,4),(2,2),(1,3)]];22;4;6;56;3500;19;10458;17;3188375
[[(3,3),(2,2),(3,4),(2,1)],[(0,3),(1,4),(0,1),(1,3)],[(2,2),(3,1),(2,3)],[(0,1),(1,3),(0,3)],[(1,3),(0,4),(1,4),(0,4)],[(2,4),(3,2),(2,3),(3,4)]];22;4;6;62;9750;18;9833;18;3034291
[[(2,4),(0,2),(2,1),(0,4)],[(1,2),(3,1),(1,1)],[(1,2),(3,2),(1,2),(3,3)],[(2,3),(0,4),(2,4)],[(3,2),(1,2),(3,4),(1,2)],[(0,1),(2,1),(0,1),(2,1)]];22;4;6;49;3750;16;14375;15;3231125
[[(0,1),(3,3),(0,3),(3,4)],[(1,4),(2,2),(1,4),(2,4)],[(2,4),(1,1),(2,3),(1,1)],[(1,3),(2,4),(1,1)],[(3,2),(0,4),(3,3),(0,4)],[(0,3),(3,3),(0,4)]];22;4;6;65;10417;19;10042;19;3063250
[[(2,3),(3,2),(2,1),(3,2)],[(1,1),(0,4),(1,2)],[(1,2),(0,1),(1,1),(0,4)],[(3,3),(2,1),(3,3)],[(0,2),(1,1),(0,4),(1,2)],[(3,2),(2,4),(3,2),(2,1)]];22;4;6;48;3250;15;12084;15;2870375
[[(2,2),(0,3),(2,3),(0,1)],[(0,4),(2,4),(0,4),(2,4)],[(3,1),(1,4),(3,3),(1,2)],[(1,3),(3,1),(1,3)],[(0,4),(2,3),(0,4)],[(1,4),(3,2),(1,3),(3,3)]];22;4;6;65;4500;20;17000;20;3325375
[[(2,2),(1,2),(2,3),(1,4)],[(0,4),(3,2),(0,4),(3,1)],[(0,2),(3,4),(0,3)],[(3,3),(0,3),(3,1),(0,4)],[(2,2),(1,3),(2,2)],[(1,2),(2,1),(1,2),(2,2)]];22;4;6;56;3667;20;13208;20;3105917
[[(2,2),(1,3),(2,4)],[(3,4),(0,2),(3,1)],[(0,2),(3,4),(0,3),(3,4)],[(2,3),(1,3),(2,4),(1,4)],[(3,2),(0,4),(3,1),(0,2)],[(1,3),(2,1),(1,3),(2,3)]];22;4;6;62;7500;18;8916;17;3144125
[[(2,1),(3,3),(2,4)],[(0,4),(1,1),(0,1),(1,1)],[(2,1),(3,1),(2,1),(3,3)],[(1,2),(0,2),(1,1),(0,2)],[(1,2),(0,2),(1,3)],[(3,1),(2,2),(3,3),(2,4)]];22;4;6;45;3625;13;22667;13;3379083
[[(2,2),(0,2),(2,4)],[(3,1),(1,3),(3,2),(1,1)],[(1,3),(3,4),(1,1)],[(0,2),(2,4),(0,1),(2,2)],[(2,4),(0,1),(2,2),(0,1)],[(1,3),(3,3),(1,3),(3,4)]];22;4;6;53;9208;18;14042;18;3550125
[[(2,4),(1,1),(2,1),(1,1)],[(0,4),(3,4),(0,3),(3,4)],[(0,3),(3,1),(0,4)],[(1,3),(2,2),(1,1)],[(1,2),(2,1),(1,1),(2,4)],[(3,4),(0,3),(3,4),(0,4)]];22;4;6;59;3917;21;13875;21;3358042
[[(1,1),(0,1),(1,4),(0,3)],[(3,1),(2,2),(3,2),(2,2)],[(3,3),(2,4),(3,4)],[(0,4),(1,3),(0,1)],[(0,1),(1,2),(0,1),(1,3)],[(2,3),(3,1),(2,2),(3,2)]];22;4;6;50;4500;16;10500;15;3159250
[[(1,3),(3,1),(1,3),(3,1)],[(0,1),(2,3),(0,2),(2,1)],[(3,4),(1,2),(3,3),(1,1)],[(2,4),(0,1),(2,2)],[(3,1),(1,2),(3,1)],[(2,1),(0,2),(2,3),(0,2)]];22;4;6;44;3458;15;16042;14;3158584
[[(0,4),(3,3),(0,1),(3,4)],[(0,1),(3,4),(0,2)],[(1,2),(2,2),(1,3)],[(3,4),(0,2),(3,2),(0,2)],[(2,1),(1,4),(2,4),(1,4)],[(1,2),(2,3),(1,4),(2,1)]];22;4;6;59;4500;19;14416;19;3085000
[[(0,2),(2,4),(0,4),(2,3)],[(2,4),(0,1),(2,4),(0,3)],[(3,4),(1,4),(3,4)],[(1,4),(3,1),(1,4),(3,3)],[(3,3),(1,1),(3,1),(1,4)],[(0,1),(2,1),(0,2)]];22;4;6;62;3792;17;20250;17;3533959
[[(1,2),(3,4),(1,1)],[(0,4),(2,1),(0,1),(2,3)],[(1,3),(3,2),(1,4),(3,3)],[(3,2),(1,2),(3,4),(1,1)],[(2,2),(0,2),(2,4),(0,3)],[(2,4),(0,3),(2,2)]];22;4;6;57;4417;16;13834;16;3412750
[[(2,1),(1,3),(2,3)],[(3,1),(0,2),(3,4)],[(0,3),(3,4),(0,1),(3,4)],[(1,1),(2,3),(1,2),(2,2)],[(2,1),(1,4),(2,2),(1,3)],[(3,1),(0,1),(3,1),(0,4)]];22;4;6;51;3958;16;17125;16;3241667
[[(3,2),(0,4),(3,2),(0,3)],[(2,1),(1,3),(2,3),(1,1)],[(0,1),(3,3),(0,1)],[(0,1),(3,2),(0,1),(3,1)],[(2,1),(1,4),(2,3)],[(1,3),(2,2),(1,2),(2,1)]];22;4;6;45;3208;14;12209;14;3248584
[[(3,2),(2,1),(3,3),(2,2)],[(1,2),(0,3),(1,3),(0,1)],[(2,1),(3,3),(2,2)],[(0,2),(1,2),(0,2)],[(2,1),(3,2),(2,4),(3,4)],[(0,4),(1,1),(0,3),(1,1)]];22;4;6;49;3542;15;11917;15;3028500
[[(2,2),(3,4),(2,2)],[(3,3),(2,4),(3,1),(2,1)],[(0,3),(1,4),(0,2),(1,2)],[(1,2),(0,3),(1,1),(0,3)],[(1,3),(0,4),(1,4)],[(2,2),(3,2),(2,2),(3,2)]];22;4;6;56;4583;16;11375;16;3173250
[[(2,4),(0,2),(2,2),(0,1)],[(3,2),(1,3),(3,2)],[(1,2),(3,2),(1,1),(3,2)],[(2,2),(0,1),(2,1)],[(3,2),(1,1),(3,3),(1,4)],[(0,1),(2,4),(0,2),(2,1)]];22;4;6;45;3875;15;13000;14;3209917
[[(0,4),(2,4),(0,4),(2,1)],[(2,2),(0,4),(2,4)],[(2,3),(0,4),(2,3),(0,1)],[(3,2),(1,4),(3,4),(1,3)],[(1,1),(3,3),(1,1),(3,3)],[(3,3),(1,1),(3,3)]];22;4;6;62;3917;18;10209;18;3250417
[[(2,1),(0,1),(2,3)],[(1,4),(3,4),(1,2),(3,1)],[(2,1),(0,3),(2,1),(0,3)],[(1,2),(3,3),(1,3)],[(0,3),(2,1),(0,3),(2,2)],[(3,4),(1,4),(3,4),(1,2)]];22;4;6;55;4166;17;15084;17;3159125
[[(3,4),(2,1),(3,2),(2,1)],[(1,2),(0,3),(1,3),(0,3)],[(3,1),(2,1),(3,2)],[(2,2),(3,1),(2,1),(3,3)],[(1,3),(0,1),(1,1)],[(0,3),(1,1),(0,4),(1,3)]];22;4;6;46;11083;14;11375;14;3177458
[[(0,3),(2,1),(0,1),(2,1)],[(2,1),(0,2),(2,1),(0,2)],[(3,1),(1,2),(3,2)],[(1,2),(3,4),(1,1),(3,1)],[(3,1),(1,1),(3,4),(1,2)],[(2,3),(0,1),(2,1)]];22;4;6;38;4042;14;13666;13;3112500
[[(1,4),(2,3),(1,4)],[(2,2),(1,1),(2,2),(1,1)],[(3,3),(0,4),(3,1)],[(3,4),(0,2),(3,3),(0,3)],[(0,3),(3,4),(0,4),(3,4)],[(1,4),(2,2),(1,3),(2,1)]];22;4;6;62;5292;19;12875;19;3354750
[[(3,2),(2,3),(3,4),(2,4)],[(0,1),(1,4),(0,1),(1,1)],[(2,1),(3,2),(2,4)],[(2,3),(3,2),(2,1),(3,2)],[(1,2),(0,2),(1,1),(0,2)],[(1,4),(0,4),(1,2)]];22;4;6;52;3334;16;15042;16;3572125
[[(3,4),(0,2),(3,2),(0,1)],[(2,2),(1,3),(2,4),(1,2)],[(0,4),(3,2),(0,1),(3,3)],[(3,4),(0,1),(3,3)],[(1,4),(2,3),(1,3),(2,3)],[(1,3),(2,3),(1,4)]];22;4;6;61;3459;19;8042;19;3502084
[[(2,2),(3,3),(2,2),(3,3)],[(1,3),(0,1),(1,2),(0,4)],[(0,3),(1,1),(0,2),(1,3)],[(2,4),(3,1),(2,4)],[(0,3),(1,1),(0,2)],[(3,3),(2,1),(3,4),(2,1)]];22;4;6;53;3417;15;11125;15;3226542
[[(2,2),(0,4),(2,2),(0,4)],[(3,4),(1,4),(3,1),(1,4)],[(3,2),(1,4),(3,2)],[(0,2),(2,1),(0,1),(2,4)],[(0,3),(2,4),(0,4)],[(1,3),(3,4),(1,3),(3,4)]];22;4;6;66;5041;19;11625;18;3525500
[[(1,3),(3,1),(1,2)],[(2,4),(0,4),(2,1)],[(2,3),(0,4),(2,2),(0,1)],[(1,4),(3,1),(1,1),(3,2)],[(3,1),(1,4),(3,4),(1,3)],[(0,4),(2,2),(0,1),(2,1)]];22;4;6;53;5042;18;14208;17;5201625
[[(1,3),(2,3),(1,2),(2,2)],[(2,1),(1,1),(2,4),(1,1)],[(3,1),(0,3),(3,4),(0,4)],[(0,4),(3,3),(0,4)],[(2,4),(1,2),(2,2)],[(0,4),(3,4),(0,4),(3,1)]];22;4;6;61;4875;23;16625;23;3909125
[[(2,1),(1,1),(2,4)],[(2,4),(1,1),(2,2),(1,3)],[(1,4),(2,1),(1,2),(2,1)],[(3,2),(0,3),(3,3),(0,4)],[(3,1),(0,2),(3,3)],[(0,3),(3,4),(0,4),(3,2)]];22;4;6;55;4792;16;11167;16;3533292
[[(2,3),(0,1),(2,3),(0,3)],[(0,2),(2,1),(0,3),(2,1)],[(1,1),(3,4),(1,4)],[(0,3),(2,3),(0,3)],[(1,3),(3,3),(1,4),(3,4)],[(3,1),(1,1),(3,2),(1,1)]];22;4;6;54;5000;17;13292;16;3939250
[[(2,2),(1,1),(2,4),(1,4)],[(2,3),(1,4),(2,1)],[(0,2),(3,4),(0,1),(3,4)],[(0,2),(3,4),(0,2)],[(1,3),(2,1),(1,4),(2,3)],[(3,4),(0,1),(3,4),(0,4)]];22;4;6;62;5458;20;20208;20;3581000
[[(3,1),(1,4),(3,3),(1,3)],[(2,3),(0,4),(2,2),(0,1)],[(1,2),(3,4),(1,2),(3,4)],[(1,2),(3,4),(1,3)],[(2,3),(0,4),(2,4)],[(0,2),(2,2),(0,3),(2,3)]];22;4;6;63;6041;18;19500;17;3747667
[[(3,4),(1,4),(3,2),(1,3)],[(0,2),(2,2),(0,3)],[(1,3),(3,2),(1,3),(3,3)],[(0,1),(2,4),(0,3),(2,3)],[(2,2),(0,3),(2,1),(0,2)],[(3,2),(1,2),(3,2)]];22;4;6;56;5792;16;29959;16;3492125
[[(3,3),(2,3),(3,4),(2,3)],[(2,2),(3,1),(2,1)],[(2,2),(3,1),(2,4),(3,2)],[(1,1),(0,2),(1,3)],[(1,1),(0,1),(1,2),(0,3)],[(0,2),(1,4),(0,1),(1,1)]];22;4;6;47;4458;15;10416;15;3266208
[[(1,1),(3,2),(1,2)],[(3,3),(1,3),(3,2),(1,1)],[(1,3),(3,2),(1,3),(3,4)],[(0,1),(2,3),(0,4),(2,4)],[(0,2),(2,2),(0,1)],[(2,1),(0,1),(2,2),(0,3)]];22;4;6;50;5041;16;13125;14;3518334
[[(3,2),(1,3),(3,1),(1,3)],[(2,3),(0,1),(2,2),(0,1)],[(0,2),(2,3),(0,1),(2,1)],[(2,2),(0,1),(2,2)],[(1,3),(3,2),(1,1)],[(1,1),(3,1),(1,1),(3,1)]];22;4;6;38;11709;13;38250;13;5690583
[[(0,4),(3,3),(0,3),(3,2)],[(1,4),(2,2),(1,3),(2,3)],[(3,3),(0,4),(3,3)],[(2,1),(1,2),(2,3),(1,3)],[(2,1),(1,4),(2,4)],[(3,3),(0,3),(3,3),(0,2)]];22;4;6;63;5208;17;13250;17;4383917
[[(2,1),(3,1),(2,3)],[(0,1),(1,3),(0,1),(1,2)],[(1,4),(0,1),(1,3)],[(1,3),(0,3),(1,3),(0,4)],[(3,3),(2,2),(3,4),(2,3)],[(2,1),(3,4),(2,1),(3,3)]];22;4;6;54;4875;20;12625;18;3471500
[[(1,2),(3,2),(1,1),(3,1)],[(3,3),(1,4),(3,2),(1,1)],[(0,3),(2,2),(0,2),(2,3)],[(1,2),(3,1),(1,4)],[(0,2),(2,1),(0,2)],[(2,3),(0,1),(2,2),(0,1)]];22;4;6;45;5959;14;13250;14;3724375
[[(3,2),(0,1),(3,1),(0,3)],[(3,2),(0,2),(3,2)],[(1,3),(2,1),(1,4),(2,1)],[(2,1),(1,1),(2,1),(1,4)],[(1,1),(2,3),(1,2)],[(0,4),(3,4),(0,2),(3,2)]];22;4;6;47;4792;15;10250;15;3112041
[[(2,2),(3,1),(2,4),(3,2)],[(1,4),(0,2),(1,4),(0,2)],[(3,1),(2,3),(3,4),(2,3)],[(1,2),(0,2),(1,4)],[(0,3),(1,1),(0,3),(1,2)],[(2,2),(3,1),(2,1)]];22;4;6;53;3875;17;11500;17;3162000
[[(3,2),(0,3),(3,3)],[(2,1),(1,4),(2,1),(1,1)],[(1,4),(2,1),(1,3),(2,4)],[(0,2),(3,2),(0,3),(3,4)],[(2,3),(1,1),(2,2)],[(3,2),(0,2),(3,4),(0,3)]];22;4;6;55;5542;17;18542;17;3579041
[[(2,4),(3,4),(2,2),(3,1)],[(0,3),(1,1),(0,4),(1,1)],[(0,4),(1,2),(0,2)],[(3,1),(2,4),(3,3),(2,2)],[(1,2),(0,1),(1,3),(0,4)],[(2,3),(3,1),(2,2)]];22;4;6;54;4542;18;11500;18;3500792
[[(2,2),(3,1),(2,1),(3,2)],[(3,1),(2,1),(3,1)],[(1,2),(0,1),(1,4),(0,4)],[(0,1),(1,3),(0,1),(1,1)],[(3,3),(2,3),(3,3),(2,1)],[(1,2),(0,1),(1,1)]];22;4;6;40;5917;15;12667;14;3567625
[[(1,4),(3,1),(1,1),(3,4)],[(3,3),(1,3),(3,3)],[(3,3),(1,4),(3,2),(1,3)],[(2,1),(0,1),(2,4),(0,1)],[(0,3),(2,2),(0,4),(2,2)],[(2,3),(0,4),(2,4)]];22;4;6;60;5125;17;14459;17;3335375
[[(2,4),(1,3),(2,4),(1,3)],[(1,4),(2,4),(1,1)],[(3,3),(0,4),(3,1),(0,1)],[(1,2),(2,2),(1,4),(2,1)],[(0,4),(3,2),(0,3),(3,2)],[(3,4),(0,1),(3,3)]];22;4;6;60;5416;17;12292;17;3442167
[[(3,2),(0,4),(3,3),(0,4)],[(1,1),(2,4),(1,1),(2,1)],[(2,2),(1,1),(2,2)],[(2,2),(1,3),(2,3),(1,4)],[(3,3),(0,2),(3,1)],[(0,1),(3,3),(0,3),(3,3)]];22;4;6;53;5125;17;13125;15;3596000
[[(0,1),(3,1),(0,3),(3,3)],[(2,1),(1,2),(2,1),(1,2)],[(1,3),(2,1),(1,2),(2,2)],[(3,4),(0,1),(3,1),(0,3)],[(2,4),(1,3),(2,4)],[(3,3),(0,2),(3,4)]];22;4;6;51;5333;16;11375;16;3374166
[[(1,2),(0,4),(1,4)],[(2,2),(3,3),(2,4)],[(2,3),(3,1),(2,2),(3,3)],[(1,1),(0,4),(1,4),(0,4)],[(0,2),(1,4),(0,1),(1,2)],[(3,4),(2,3),(3,4),(2,1)]];22;4;6;62;5833;19;12583;17;3227666
[[(1,1),(3,2),(1,4),(3,3)],[(0,1),(2,3),(0,3),(2,3)],[(2,1),(0,2),(2,4)],[(2,4),(0,3),(2,3),(0,2)],[(3,2),(1,3),(3,1),(1,2)],[(1,2),(3,2),(1,4)]];22;4;6;55;5083;18;12167;18;3844167
[[(2,4),(0,1),(2,3)],[(0,1),(2,4),(0,4),(2,1)],[(3,2),(1,3),(3,4),(1,4)],[(1,3),(3,4),(1,3)],[(2,1),(0,1),(2,4),(0,4)],[(1,3),(3,1),(1,1),(3,2)]];22;4;6;58;4375;20;12875;17;3365000
[[(2,1),(0,4),(2,2)],[(3,1),(1,1),(3,1)],[(0,1),(2,3),(0,3),(2,1)],[(1,1),(3,4),(1,1),(3,1)],[(2,1),(0,4),(2,1),(0,4)],[(3,3),(1,4),(3,1),(1,1)]];22;4;6;44;5625;16;15542;16;3404041
[[(0,2),(3,2),(0,2)],[(0,1),(3,1),(0,4),(3,3)],[(2,3),(1,3),(2,1)],[(3,2),(0,3),(3,3),(0,1)],[(2,3),(1,1),(2,3),(1,1)],[(1,1),(2,2),(1,2),(2,1)]];22;4;6;45;5625;15;12291;13;3636750
[[(3,4),(0,1),(3,4)],[(2,2),(1,1),(2,4)],[(0,3),(3,4),(0,2),(3,4)],[(3,2),(0,4),(3,1),(0,1)],[(2,2),(1,3),(2,4),(1,4)],[(1,3),(2,3),(1,4),(2,4)]];22;4;6;64;5458;19;12625;19;3266125
[[(1,2),(0,3),(1,1)],[(0,3),(1,1),(0,3),(1,4)],[(1,2),(0,1),(1,4),(0,1)],[(2,3),(3,1),(2,2),(3,4)],[(3,1),(2,4),(3,3),(2,2)],[(3,4),(2,1),(3,1)]];22;4;6;51;4041;15;10750;15;3177083
[[(3,2),(2,3),(3,1)],[(1,4),(0,4),(1,3),(0,1)],[(3,2),(2,2),(3,3),(2,3)],[(0,2),(1,1),(0,3)],[(0,3),(1,2),(0,3),(1,2)],[(2,3),(3,1),(2,2),(3,3)]];22;4;6;53;5250;17;12042;16;3609208
[[(1,2),(0,1),(1,1),(0,1)],[(3,4),(2,1),(3,1),(2,4)],[(3,1),(2,2),(3,1)],[(1,2),(0,1),(1,3)],[(0,4),(1,1),(0,1),(1,1)],[(2,4),(3,1),(2,3),(3,2)]];22;4;6;42;3708;14;13709;14;3082208
[[(0,3),(3,1),(0,3)],[(2,4),(1,3),(2,1),(1,3)],[(3,4),(0,2),(3,3),(0,1)],[(0,1),(3,1),(0,1),(3,1)],[(1,3),(2,2),(1,3),(2,4)],[(2,2),(1,3),(2,3)]];22;4;6;52;5125;17;12583;16;3459709
[[(2,1),(1,2),(2,1),(1,2)],[(1,2),(2,3),(1,3),(2,1)],[(1,2),(2,1),(1,2)],[(3,2),(0,4),(3,3)],[(3,2),(0,3),(3,2),(0,3)],[(0,1),(3,2),(0,3),(3,4)]];22;4;6;49;4541;16;11417;15;3486333
[[(0,3),(3,2),(0,1),(3,4)],[(3,2),(0,3),(3,3)],[(2,3),(1,2),(2,3)],[(1,3),(2,3),(1,2),(2,3)],[(2,3),(1,1),(2,4),(1,2)],[(3,4),(0,2),(3,4),(0,2)]];22;4;6;59;4750;19;11750;19;3604792
[[(2,2),(1,2),(2,1),(1,2)],[(0,1),(3,3),(0,4)],[(3,1),(0,3),(3,2),(0,1)],[(1,2),(2,2),(1,3)],[(0,1),(3,3),(0,2),(3,3)],[(1,2),(2,3),(1,4),(2,2)]];22;4;6;49;5625;15;14084;15;3756292
[[(1,4),(2,3),(1,4),(2,3)],[(3,3),(0,1),(3,3)],[(0,4),(3,1),(0,2),(3,4)],[(2,3),(1,4),(2,1)],[(2,1),(1,4),(2,4),(1,3)],[(3,2),(0,1),(3,2),(0,3)]];22;4;6;60;5208;19;12541;19;3691708
[[(1,2),(2,2),(1,4),(2,4)],[(0,3),(3,1),(0,1),(3,4)],[(1,3),(2,3),(1,3)],[(3,1),(0,4),(3,2),(0,1)],[(2,1),(1,4),(2,2),(1,2)],[(3,2),(0,2),(3,4)]];22;4;6;55;5167;18;15542;18;3614583
[[(1,2),(0,1),(1,1)],[(2,3),(3,2),(2,3),(3,2)],[(0,2),(1,2),(0,3),(1,4)],[(1,1),(0,3),(1,3),(0,3)],[(3,2),(2,4),(3,1)],[(3,3),(2,2),(3,1),(2,3)]];22;4;6;51;5458;15;12125;15;3956458
[[(3,3),(2,2),(3,4),(2,3)],[(2,1),(3,1),(2,1)],[(2,3),(3,3),(2,3),(3,4)],[(1,1),(0,2),(1,1)],[(1,3),(0,3),(1,1),(0,3)],[(0,3),(1,4),(0,4),(1,3)]];22;4;6;56;5041;15;17625;15;3368750
[[(3,3),(1,1),(3,2),(1,4)],[(2,2),(0,4),(2,2),(0,4)],[(1,4),(3,3),(1,4),(3,4)],[(0,2),(2,3),(0,1),(2,4)],[(0,4),(2,3),(0,2)],[(3,4),(1,4),(3,2)]];22;4;6;66;5125;19;13209;18;3758750
[[(3,3),(2,1),(3,4),(2,4)],[(0,1),(1,2),(0,3)],[(0,1),(1,4),(0,4),(1,1)],[(3,4),(2,1),(3,3)],[(2,4),(3,4),(2,1),(3,3)],[(1,4),(0,3),(1,2),(0,1)]];22;4;6;58;4541;21;11708;21;3846833
[[(3,3),(2,1),(3,2),(2,3)],[(3,3),(2,1),(3,2)],[(2,1),(3,2),(2,4),(3,4)],[(0,2),(1,1),(0,3)],[(0,2),(1,4),(0,4),(1,4)],[(1,1),(0,2),(1,3),(0,3)]];22;4;6;55;4625;17;10542;16;3432208
[[(1,4),(0,4),(1,3),(0,1)],[(1,3),(0,2),(1,1)],[(0,3),(1,1),(0,4),(1,2)],[(3,4),(2,2),(3,4),(2,3)],[(2,2),(3,4),(2,4),(3,4)],[(2,3),(3,1),(2,3)]];22;4;6;62;5459;18;13000;18;3292917
[[(1,2),(0,3),(1,4)],[(2,3),(3,1),(2,3),(3,1)],[(3,4),(2,2),(3,4),(2,3)],[(1,2),(0,1),(1,1),(0,4)],[(0,4),(1,3),(0,4),(1,4)],[(3,2),(2,4),(3,1)]];22;4;6;60;4500;16;10208;16;3232875
[[(3,1),(1,4),(3,1),(1,2)],[(1,1),(3,4),(1,2)],[(2,2),(0,2),(2,3),(0,2)],[(0,4),(2,1),(0,2),(2,2)],[(1,2),(3,2),(1,2),(3,3)],[(0,1),(2,3),(0,1)]];22;4;6;47;5083;14;19166;13;3623416
[[(0,2),(2,2),(0,4),(2,2)],[(2,4),(0,1),(2,3),(0,1)],[(0,2),(2,3),(0,2)],[(1,2),(3,2),(1,4),(3,4)],[(3,2),(1,2),(3,1),(1,4)],[(1,2),(3,1),(1,3)]];22;4;6;53;4041;17;9584;17;3241833
[[(1,1),(2,4),(1,1)],[(3,3),(0,3),(3,2)],[(2,1),(1,2),(2,2),(1,1)],[(1,4),(2,4),(1,2),(2,2)],[(0,3),(3,1),(0,2),(3,3)],[(3,4),(0,4),(3,2),(0,4)]];22;4;6;55;4417;17;29334;17;3273166
[[(2,4),(1,4),(2,3),(1,4)],[(2,3),(1,2),(2,2)],[(3,2),(0,2),(3,1)],[(1,1),(2,2),(1,3),(2,1)],[(3,3),(0,3),(3,1),(0,4)],[(0,1),(3,4),(0,3),(3,3)]];22;4;6;56;3792;17;8917;17;3390000
[[(2,2),(3,2),(2,2)],[(1,1),(0,2),(1,3),(0,4)],[(3,3),(2,2),(3,2),(2,3)],[(0,2),(1,4),(0,1),(1,2)],[(2,1),(3,2),(2,1),(3,1)],[(1,3),(0,3),(1,3)]];22;4;6;49;4125;16;9500;16;3078959
[[(0,3),(1,4),(0,4)],[(3,2),(2,1),(3,3)],[(0,1),(1,2),(0,1),(1,4)],[(1,2),(0,4),(1,3),(0,2)],[(2,2),(3,3),(2,3),(3,4)],[(3,4),(2,4),(3,4),(2,4)]];22;4;6;64;5250;20;13167;20;7867625
[[(1,3),(3,3),(1,1),(3,4)],[(0,1),(2,1),(0,2),(2,4)],[(2,3),(0,4),(2,1),(0,2)],[(1,1),(3,2),(1,2)],[(2,2),(0,4),(2,2)],[(3,2),(1,4),(3,3),(1,4)]];22;4;6;55;4875;17;11959;15;3473667
[[(3,3),(2,4),(3,4),(2,2)],[(1,2),(0,2),(1,2),(0,1)],[(0,2),(1,1),(0,2),(1,4)],[(2,3),(3,1),(2,4),(3,2)],[(0,1),(1,3),(0,2)],[(3,4),(2,1),(3,3)]];22;4;6;53;5375;17;11542;17;3419917
[[(0,4),(2,1),(0,3),(2,4)],[(1,3),(3,4),(1,4),(3,4)],[(0,1),(2,1),(0,1)],[(3,1),(1,1),(3,2),(1,1)],[(3,1),(1,2),(3,2)],[(2,3),(0,4),(2,2),(0,3)]];22;4;6;52;5250;16;17250;16;3625625
[[(2,1),(3,3),(2,2)],[(1,2),(0,4),(1,1),(0,4)],[(3,3),(2,4),(3,1),(2,1)],[(0,2),(1,1),(0,3),(1,4)],[(1,3),(0,4),(1,1)],[(2,1),(3,2),(2,3),(3,3)]];22;4;6;53;13792;17;13000;17;3824083
[[(2,2),(3,3),(2,2),(3,1)],[(3,2),(2,4),(3,4),(2,1)],[(0,1),(1,1),(0,1),(1,2)],[(3,4),(2,3),(3,3)],[(1,3),(0,4),(1,1)],[(1,4),(0,3),(1,4),(0,3)]];22;4;6;56;5333;17;13000;17;3662292
[[(0,3),(3,2),(0,3)],[(0,3),(3,1),(0,1),(3,2)],[(1,1),(2,4),(1,3),(2,2)],[(2,3),(1,1),(2,3)],[(2,2),(1,1),(2,3),(1,4)],[(3,3),(0,4),(3,1),(0,1)]];22;4;6;51;5041;19;12792;17;3519208
[[(0,3),(3,4),(0,3),(3,3)],[(2,4),(1,4),(2,2),(1,1)],[(3,3),(0,3),(3,1)],[(1,1),(2,1),(1,4),(2,3)],[(3,3),(0,4),(3,1),(0,1)],[(1,4),(2,2),(1,4)]];22;4;6;59;5542;18;13000;18;2850792
[[(1,3),(3,2),(1,2),(3,3)],[(0,4),(2,1),(0,1)],[(0,1),(2,1),(0,1),(2,2)],[(3,4),(1,3),(3,4),(1,2)],[(1,1),(3,3),(1,3)],[(2,3),(0,4),(2,1),(0,3)]];22;4;6;52;5416;16;13666;16;5537458
[[(0,1),(1,4),(0,4),(1,3)],[(1,2),(0,4),(1,2)],[(2,3),(3,3),(2,3),(3,3)],[(3,3),(2,2),(3,4),(2,3)],[(1,4),(0,4),(1,3),(0,1)],[(2,1),(3,2),(2,1)]];22;4;6;60;5417;18;15500;18;5735583
[[(2,2),(0,3),(2,4),(0,1)],[(3,4),(1,3),(3,4),(1,3)],[(0,3),(2,3),(0,3),(2,2)],[(3,2),(1,2),(3,3)],[(1,4),(3,1),(1,1),(3,3)],[(0,1),(2,1),(0,4)]];22;4;6;57;12584;17;31959;17;4503792
[[(0,3),(1,4),(0,1),(1,3)],[(3,1),(2,3),(3,4),(2,2)],[(1,1),(0,2),(1,2)],[(1,3),(0,4),(1,3),(0,4)],[(3,1),(2,4),(3,3)],[(2,1),(3,3),(2,3),(3,4)]];22;4;6;59;5041;17;13000;16;3950250
[[(3,1),(1,4),(3,2)],[(3,1),(1,2),(3,2),(1,3)],[(1,1),(3,3),(1,1),(3,1)],[(2,2),(0,3),(2,1)],[(2,1),(0,1),(2,3),(0,3)],[(0,3),(2,4),(0,2),(2,3)]];22;4;6;47;5084;14;12250;14;3294000
[[(3,1),(2,3),(3,4),(2,1)],[(3,2),(2,1),(3,1)],[(1,1),(0,2),(1,1),(0,1)],[(0,4),(1,3),(0,2),(1,4)],[(1,4),(0,2),(1,2)],[(2,4),(3,2),(2,1),(3,3)]];22;4;6;49;5375;15;18416;15;3702583
[[(0,2),(3,3),(0,2)],[(2,4),(1,1),(2,2),(1,4)],[(3,3),(0,2),(3,1),(0,3)],[(0,4),(3,4),(0,3),(3,4)],[(1,2),(2,4),(1,2),(2,4)],[(2,3),(1,1),(2,1)]];22;4;6;59;5292;18;13584;18;10905583
[[(3,3),(0,3),(3,4)],[(3,2),(0,2),(3,1),(0,2)],[(1,4),(2,1),(1,1),(2,2)],[(1,2),(2,3),(1,1)],[(0,4),(3,2),(0,1),(3,4)],[(2,2),(1,4),(2,1),(1,1)]];22;4;6;50;5917;16;13917;16;26764209
[[(3,4),(2,1),(3,4)],[(1,4),(0,3),(1,4),(0,4)],[(0,4),(1,4),(0,1)],[(0,4),(1,3),(0,2),(1,4)],[(3,3),(2,2),(3,1),(2,4)],[(2,3),(3,1),(2,4),(3,4)]];22;4;6;68;5625;19;13750;19;11539000
[[(3,3),(0,4),(3,3),(0,2)],[(2,2),(1,1),(2,1),(1,3)],[(2,4),(1,1),(2,4)],[(1,4),(2,1),(1,2),(2,2)],[(0,2),(3,3),(0,1),(3,1)],[(0,4),(3,2),(0,2)]];22;4;6;52;5709;15;22000;15;11165584
[[(0,1),(1,3),(0,4),(1,1)],[(1,3),(0,3),(1,1),(0,2)],[(3,1),(2,2),(3,2),(2,4)],[(2,4),(3,2),(2,2),(3,2)],[(0,1),(1,2),(0,2)],[(2,3),(3,2),(2,1)]];22;4;6;48;5541;16;13833;16;6894875
[[(1,2),(3,3),(1,4),(3,3)],[(0,3),(2,3),(0,2),(2,2)],[(2,4),(0,4),(2,4),(0,4)],[(1,3),(3,1),(1,3)],[(2,4),(0,4),(2,1)],[(3,2),(1,4),(3,1),(1,3)]];22;4;6;64;5334;19;13333;19;5774500
[[(0,2),(3,1),(0,2),(3,2)],[(2,3),(1,2),(2,3),(1,4)],[(3,3),(0,2),(3,3),(0,2)],[(0,4),(3,4),(0,2)],[(1,1),(2,3),(1,3),(2,1)],[(2,3),(1,2),(2,1)]];22;4;6;53;5375;16;13584;16;12297875
[[(2,2),(1,3),(2,2),(1,3)],[(1,1),(2,1),(1,1)],[(1,1),(2,1),(1,2),(2,1)],[(3,3),(0,4),(3,3),(0,2)],[(0,4),(3,3),(0,1),(3,2)],[(3,2),(0,1),(3,1)]];22;4;6;44;5584;14;13958;14;5982125
[[(3,2),(1,2),(3,3)],[(0,1),(2,3),(0,1),(2,2)],[(2,2),(0,2),(2,2),(0,1)],[(3,4),(1,3),(3,1),(1,4)],[(1,2),(3,4),(1,2),(3,4)],[(2,2),(0,1),(2,3)]];22;4;6;51;5292;18;20625;18;10238875
[[(2,1),(1,2),(2,1),(1,1)],[(0,1),(3,3),(0,3)],[(0,3),(3,4),(0,1),(3,2)],[(2,2),(1,2),(2,4)],[(1,3),(2,1),(1,1),(2,4)],[(3,1),(0,3),(3,2),(0,4)]];22;4;6;49;5458;15;14083;15;4413500
[[(2,4),(3,1),(2,1)],[(1,2),(0,2),(1,1),(0,2)],[(3,1),(2,4),(3,4),(2,2)],[(2,3),(3,2),(2,4),(3,4)],[(0,2),(1,1),(0,3),(1,1)],[(1,3),(0,2),(1,4)]];22;4;6;53;5542;20;14625;18;4802958
[[(1,1),(0,2),(1,1)],[(2,4),(3,1),(2,2)],[(0,2),(1,1),(0,2),(1,4)],[(1,3),(0,3),(1,2),(0,2)],[(3,2),(2,3),(3,2),(2,3)],[(2,4),(3,4),(2,4),(3,1)]];22;4;6;53;28542;20;29083;20;5436334
[[(3,2),(0,1),(3,2),(0,2)],[(1,4),(2,1),(1,2),(2,4)],[(0,2),(3,2),(0,3),(3,4)],[(0,4),(3,4),(0,4)],[(2,4),(1,4),(2,4),(1,2)],[(2,4),(1,2),(2,1)]];22;4;6;62;5291;18;17875;18;4993292
[[(3,2),(2,4),(3,1)],[(1,1),(0,3),(1,3)],[(0,1),(1,2),(0,3),(1,3)],[(3,1),(2,3),(3,3),(2,2)],[(1,3),(0,3),(1,1),(0,3)],[(2,2),(3,2),(2,2),(3,1)]];22;4;6;49;5375;14;13917;13;4744833
[[(0,1),(3,2),(0,2),(3,2)],[(1,3),(2,1),(1,1),(2,2)],[(3,4),(0,3),(3,4),(0,4)],[(0,1),(3,1),(0,4)],[(2,3),(1,3),(2,2)],[(2,1),(1,1),(2,3),(1,4)]];22;4;6;52;5625;17;25834;17;4287208
[[(2,1),(1,2),(2,2)],[(1,1),(2,4),(1,1),(2,3)],[(3,3),(0,2),(3,1)],[(3,4),(0,3),(3,2),(0,2)],[(2,3),(1,4),(2,1),(1,1)],[(0,1),(3,3),(0,4),(3,4)]];22;4;6;52;5083;18;13292;17;4663542
[[(3,3),(1,4),(3,3),(1,1)],[(1,4),(3,4),(1,3),(3,2)],[(2,4),(0,2),(2,4),(0,2)],[(0,3),(2,1),(0,1),(2,3)],[(1,3),(3,3),(1,4)],[(2,4),(0,4),(2,1)]];22;4;6;63;11708;19;48791;19;5010166
[[(0,4),(3,2),(0,2),(3,2)],[(3,1),(0,4),(3,2),(0,3)],[(2,4),(1,2),(2,4),(1,3)],[(1,3),(2,4),(1,3)],[(3,2),(0,3),(3,1)],[(1,2),(2,1),(1,2),(2,1)]];22;4;6;55;10625;16;107791;16;5486834
[[(2,4),(3,2),(2,1)],[(3,4),(2,1),(3,3),(2,1)],[(2,1),(3,4),(2,1),(3,1)],[(0,3),(1,4),(0,2)],[(1,4),(0,2),(1,4),(0,2)],[(0,3),(1,2),(0,2),(1,3)]];22;4;6;54;5292;17;13459;17;6503792
[[(1,1),(3,2),(1,4),(3,2)],[(2,1),(0,3),(2,3)],[(0,2),(2,1),(0,1),(2,4)],[(3,3),(1,4),(3,4),(1,3)],[(2,1),(0,4),(2,3),(0,4)],[(3,1),(1,4),(3,1)]];22;4;6;56;6209;18;14666;16;8456959
[[(3,3),(2,1),(3,2)],[(2,4),(3,1),(2,4),(3,4)],[(3,1),(2,2),(3,1),(2,2)],[(0,4),(1,1),(0,2)],[(1,4),(0,1),(1,1),(0,2)],[(0,3),(1,4),(0,2),(1,1)]];22;4;6;50;5458;15;13875;15;4112416
[[(1,2),(0,1),(1,3),(0,1)],[(2,3),(3,1),(2,2),(3,1)],[(0,4),(1,3),(0,4)],[(2,3),(3,1),(2,4)],[(3,2),(2,2),(3,3),(2,3)],[(0,2),(1,2),(0,1),(1,1)]];22;4;6;49;5709;17;13750;17;5494541
[[(3,2),(0,2),(3,1),(0,2)],[(0,2),(3,4),(0,2)],[(1,1),(2,2),(1,1),(2,4)],[(2,2),(1,2),(2,1),(1,4)],[(0,1),(3,2),(0,3),(3,2)],[(2,1),(1,3),(2,1)]];22;4;6;45;5917;13;23500;12;6520417
[[(0,3),(3,4),(0,1),(3,4)],[(1,3),(2,2),(1,3)],[(1,2),(2,4),(1,3),(2,4)],[(3,3),(0,4),(3,4),(0,3)],[(3,3),(0,2),(3,4)],[(2,2),(1,2),(2,3),(1,4)]];22;4;6;67;10667;22;33958;22;4199375
[[(2,4),(0,1),(2,1)],[(3,1),(1,2),(3,3),(1,2)],[(2,1),(0,4),(2,4),(0,4)],[(1,1),(3,1),(1,4),(3,3)],[(0,1),(2,1),(0,1),(2,3)],[(3,3),(1,2),(3,2)]];22;4;6;49;10625;17;29791;14;6265708
[[(1,2),(2,4),(1,2),(2,1)],[(2,3),(1,2),(2,2),(1,3)],[(2,3),(1,4),(2,1)],[(0,2),(3,1),(0,3),(3,1)],[(3,2),(0,4),(3,2)],[(3,2),(0,2),(3,3),(0,4)]];22;4;6;53;5125;15;13458;15;4786292
[[(1,2),(2,1),(1,3)],[(3,1),(0,3),(3,1),(0,1)],[(2,2),(1,3),(2,4),(1,3)],[(3,4),(0,4),(3,4)],[(0,2),(3,3),(0,3),(3,4)],[(1,1),(2,1),(1,3),(2,4)]];22;4;6;57;13334;17;20000;17;4943458
[[(1,1),(0,2),(1,3)],[(1,1),(0,1),(1,3),(0,4)],[(3,2),(2,1),(3,3),(2,1)],[(2,1),(3,4),(2,3),(3,1)],[(0,3),(1,2),(0,2),(1,1)],[(3,3),(2,3),(3,3)]];22;4;6;48;10500;16;35458;16;6663000
[[(2,3),(1,1),(2,1)],[(0,2),(3,1),(0,2),(3,4)],[(0,1),(3,2),(0,1)],[(1,1),(2,3),(1,4),(2,2)],[(3,4),(0,2),(3,3),(0,2)],[(2,1),(1,1),(2,2),(1,2)]];22;4;6;45;10917;14;29583;14;5659042
[[(0,4),(3,3),(0,1)],[(0,3),(3,2),(0,1),(3,4)],[(3,4),(0,3),(3,1),(0,2)],[(1,2),(2,2),(1,4),(2,4)],[(2,4),(1,1),(2,3)],[(2,2),(1,4),(2,1),(1,2)]];22;4;6;57;5625;18;13750;16;4415833
[[(2,1),(3,2),(2,4)],[(2,4),(3,4),(2,1),(3,4)],[(1,3),(0,3),(1,4),(0,3)],[(3,4),(2,1),(3,2),(2,2)],[(1,1),(0,1),(1,4)],[(0,3),(1,1),(0,3),(1,4)]];22;4;6;59;5333;18;20459;17;3645209
[[(3,3),(2,1),(3,4),(2,4)],[(0,1),(1,3),(0,1)],[(2,3),(3,3),(2,3)],[(0,1),(1,1),(0,3),(1,3)],[(2,2),(3,3),(2,4),(3,1)],[(1,4),(0,1),(1,2),(0,2)]];22;4;6;53;5333;17;13541;17;5672500
[[(0,4),(2,3),(0,4)],[(3,1),(1,3),(3,1),(1,3)],[(3,3),(1,1),(3,3)],[(1,2),(3,2),(1,4),(3,3)],[(2,1),(0,2),(2,1),(0,2)],[(0,4),(2,3),(0,3),(2,2)]];22;4;6;55;5500;19;13250;19;3914792
[[(2,4),(1,2),(2,2),(1,2)],[(1,3),(2,4),(1,4),(2,3)],[(0,1),(3,3),(0,2),(3,2)],[(3,3),(0,2),(3,2),(0,1)],[(1,3),(2,2),(1,1)],[(3,4),(0,1),(3,4)]];22;4;6;55;5458;18;174834;18;5304584
[[(2,4),(1,4),(2,3)],[(2,4),(1,2),(2,2),(1,3)],[(3,3),(0,3),(3,1),(0,2)],[(1,2),(2,2),(1,1),(2,2)],[(3,2),(0,2),(3,3)],[(0,2),(3,1),(0,2),(3,2)]];22;4;6;52;6125;18;21833;17;3653625
[[(3,4),(1,1),(3,4),(1,2)],[(1,4),(3,2),(1,2),(3,1)],[(2,3),(0,3),(2,4)],[(3,1),(1,2),(3,3)],[(0,4),(2,1),(0,4),(2,4)],[(2,3),(0,1),(2,4),(0,1)]];22;4;6;58;10584;19;10583;19;3311041
[[(1,2),(3,2),(1,2)],[(1,3),(3,4),(1,1),(3,3)],[(0,2),(2,3),(0,3),(2,1)],[(3,4),(1,4),(3,4),(1,2)],[(2,3),(0,3),(2,2),(0,2)],[(0,1),(2,3),(0,2)]];22;4;6;56;5750;17;17958;17;3454458
[[(0,4),(1,2),(0,3),(1,2)],[(1,3),(0,3),(1,4),(0,1)],[(2,4),(3,4),(2,1),(3,2)],[(1,4),(0,1),(1,2)],[(2,4),(3,3),(2,3)],[(3,3),(2,2),(3,4),(2,4)]];22;4;6;63;5000;19;11666;19;3814958
[[(3,1),(2,1),(3,2),(2,1)],[(2,2),(3,2),(2,3)],[(1,4),(0,2),(1,3),(0,4)],[(1,4),(0,3),(1,2)],[(0,4),(1,1),(0,4),(1,1)],[(2,2),(3,4),(2,1),(3,1)]];22;4;6;52;4834;19;18833;17;3253042
[[(1,3),(2,4),(1,2),(2,3)],[(3,3),(0,4),(3,1),(0,2)],[(1,1),(2,1),(1,4)],[(0,3),(3,1),(0,1),(3,4)],[(3,2),(0,4),(3,3)],[(2,1),(1,1),(2,4),(1,4)]];22;4;6;56;14292;18;11292;16;3602375
[[(2,3),(1,3),(2,4),(1,3)],[(3,2),(0,4),(3,1),(0,3)],[(1,1),(2,4),(1,3)],[(0,3),(3,4),(0,3),(3,4)],[(1,1),(2,1),(1,2),(2,2)],[(0,1),(3,1),(0,1)]];22;4;6;54;4625;15;22167;15;3294917
[[(0,3),(2,4),(0,1),(2,1)],[(0,3),(2,3),(0,2)],[(3,2),(1,4),(3,4),(1,1)],[(1,3),(3,3),(1,1)],[(1,4),(3,4),(1,2),(3,3)],[(2,2),(0,2),(2,1),(0,3)]];22;4;6;56;8417;18;13083;18;3088292
[[(1,2),(0,2),(1,2),(0,2)],[(0,3),(1,2),(0,2)],[(3,3),(2,2),(3,3),(2,2)],[(3,1),(2,4),(3,2)],[(0,3),(1,4),(0,2),(1,4)],[(2,3),(3,2),(2,1),(3,2)]];22;4;6;53;4125;16;14542;15;3400583
[[(0,3),(2,1),(0,4),(2,2)],[(2,2),(0,4),(2,1),(0,1)],[(3,3),(1,2),(3,4),(1,1)],[(1,4),(3,1),(1,4),(3,2)],[(0,1),(2,1),(0,3)],[(1,3),(3,4),(1,3)]];22;4;6;54;3875;17;12958;17;3122541
[[(0,4),(1,3),(0,1),(1,2)],[(2,2),(3,3),(2,3),(3,4)],[(0,2),(1,4),(0,4)],[(1,4),(0,2),(1,3),(0,1)],[(3,1),(2,2),(3,3),(2,1)],[(2,2),(3,4),(2,1)]];22;4;6;56;4541;16;18542;16;2955125
[[(1,2),(2,1),(1,4),(2,3)],[(2,2),(1,3),(2,3),(1,2)],[(3,3),(0,3),(3,4)],[(1,1),(2,2),(1,2)],[(0,4),(3,3),(0,2),(3,4)],[(3,1),(0,3),(3,1),(0,4)]];22;4;6;57;3750;16;11083;16;3288334
[[(2,4),(3,2),(2,1),(3,1)],[(2,4),(3,4),(2,1)],[(1,4),(0,4),(1,4),(0,2)],[(0,3),(1,2),(0,1)],[(0,3),(1,2),(0,2),(1,4)],[(3,1),(2,1),(3,2),(2,1)]];22;4;6;53;4792;18;17958;18;3020500
[[(3,1),(0,4),(3,3),(0,4)],[(2,1),(1,2),(2,2)],[(2,4),(1,1),(2,2),(1,4)],[(1,2),(2,3),(1,4),(2,4)],[(0,2),(3,1),(0,2),(3,1)],[(0,3),(3,1),(0,2)]];22;4;6;53;3375;17;10583;17;3559667
[[(3,2),(0,4),(3,1),(0,4)],[(1,3),(2,1),(1,4),(2,4)],[(3,4),(0,3),(3,1)],[(2,4),(1,2),(2,4),(1,1)],[(0,1),(3,4),(0,2),(3,2)],[(1,4),(2,4),(1,4)]];22;4;6;63;11250;19;8916;18;3333167
[[(2,2),(0,3),(2,1)],[(1,4),(3,2),(1,1),(3,3)],[(3,1),(1,1),(3,1),(1,3)],[(3,4),(1,1),(3,3)],[(2,2),(0,4),(2,4),(0,1)],[(0,3),(2,4),(0,3),(2,2)]];22;4;6;53;4041;16;12708;15;3360792
[[(0,3),(1,2),(0,2),(1,4)],[(3,3),(2,2),(3,4),(2,2)],[(2,4),(3,4),(2,4),(3,4)],[(1,2),(0,2),(1,4)],[(1,3),(0,2),(1,2),(0,1)],[(3,2),(2,2),(3,2)]];22;4;6;60;7458;19;9292;19;2935625
[[(3,3),(2,3),(3,4)],[(0,4),(1,4),(0,2),(1,2)],[(2,2),(3,4),(2,4),(3,3)],[(1,2),(0,1),(1,3)],[(1,3),(0,4),(1,4),(0,2)],[(3,4),(2,1),(3,2),(2,4)]];22;4;6;65;4500;21;13750;20;3235792
[[(1,4),(3,1),(1,1),(3,3)],[(1,3),(3,2),(1,4)],[(0,1),(2,4),(0,3),(2,4)],[(0,2),(2,3),(0,4)],[(3,3),(1,2),(3,3),(1,3)],[(2,1),(0,3),(2,2),(0,4)]];22;4;6;60;3917;17;9666;17;3297792
[[(3,1),(1,1),(3,1),(1,4)],[(2,4),(0,1),(2,2),(0,4)],[(1,1),(3,3),(1,3),(3,3)],[(0,3),(2,4),(0,2)],[(3,2),(1,3),(3,4)],[(0,4),(2,3),(0,3),(2,1)]];22;4;6;57;4541;18;17916;17;3325334
[[(1,4),(2,1),(1,4),(2,3)],[(2,3),(1,4),(2,1)],[(2,2),(1,2),(2,1),(1,4)],[(3,2),(0,1),(3,3)],[(3,1),(0,4),(3,4),(0,4)],[(0,2),(3,2),(0,2),(3,1)]];22;4;6;55;4666;18;10958;18;3240792
[[(1,3),(3,4),(1,2),(3,1)],[(3,4),(1,2),(3,4),(1,4)],[(0,1),(2,3),(0,1),(2,4)],[(2,1),(0,3),(2,4)],[(2,2),(0,1),(2,1),(0,2)],[(3,4),(1,4),(3,1)]];22;4;6;56;4667;20;25583;19;3565750
[[(0,4),(2,2),(0,4)],[(2,1),(0,4),(2,2),(0,1)],[(0,2),(2,4),(0,1),(2,4)],[(1,4),(3,2),(1,3),(3,3)],[(3,1),(1,3),(3,2),(1,1)],[(3,4),(1,3),(3,4)]];22;4;6;59;8250;19;11584;16;3130875
[[(0,2),(3,4),(0,1),(3,4)],[(3,4),(0,2),(3,4)],[(3,1),(0,1),(3,3),(0,4)],[(2,3),(1,1),(2,4),(1,2)],[(1,2),(2,2),(1,4),(2,1)],[(2,4),(1,2),(2,3)]];22;4;6;58;3292;20;8542;20;3270625
[[(0,2),(3,1),(0,4),(3,4)],[(1,1),(2,1),(1,4)],[(3,3),(0,1),(3,2),(0,4)],[(0,3),(3,1),(0,3)],[(1,2),(2,2),(1,2),(2,2)],[(2,3),(1,1),(2,4),(1,2)]];22;4;6;52;9208;17;11875;17;3137000
[[(1,3),(2,3),(1,3),(2,1)],[(2,3),(1,3),(2,4),(1,2)],[(3,3),(0,1),(3,4),(0,4)],[(0,2),(3,3),(0,2)],[(1,1),(2,3),(1,3)],[(0,1),(3,1),(0,3),(3,2)]];22;4;6;55;4375;15;13625;15;3565041
[[(0,3),(1,4),(0,2)],[(3,3),(2,1),(3,1),(2,3)],[(2,1),(3,2),(2,1),(3,4)],[(0,2),(1,4),(0,3),(1,3)],[(1,2),(0,2),(1,1),(0,1)],[(2,2),(3,1),(2,3)]];22;4;6;49;3917;17;9083;14;2945667
[[(0,4),(2,3),(0,2)],[(1,3),(3,4),(1,3),(3,3)],[(2,1),(0,4),(2,1),(0,1)],[(3,2),(1,2),(3,3),(1,3)],[(0,1),(2,1),(0,4),(2,2)],[(1,1),(3,3),(1,3)]];22;4;6;54;4208;17;9875;16;3237833
[[(1,3),(0,4),(1,4),(0,2)],[(1,4),(0,3),(1,1)],[(0,3),(1,1),(0,3),(1,2)],[(2,4),(3,1),(2,2),(3,4)],[(3,1),(2,2),(3,2),(2,1)],[(2,2),(3,1),(2,4)]];22;4;6;54;3709;15;9417;15;3141959
[[(2,2),(0,3),(2,3),(0,1)],[(3,3),(1,1),(3,1),(1,3)],[(0,4),(2,4),(0,2)],[(0,4),(2,3),(0,1),(2,2)],[(1,1),(3,3),(1,2)],[(1,3),(3,3),(1,2),(3,2)]];22;4;6;53;4250;16;9500;16;3314625
[[(1,1),(2,1),(1,1)],[(1,4),(2,4),(1,4),(2,2)],[(3,2),(0,4),(3,3),(0,1)],[(2,4),(1,2),(2,1),(1,3)],[(0,3),(3,3),(0,1),(3,3)],[(3,2),(0,4),(3,2)]];22;4;6;55;3417;16;16250;16;3259292
[[(0,2),(1,2),(0,4),(1,3)],[(2,2),(3,3),(2,3),(3,4)],[(3,2),(2,2),(3,1),(2,2)],[(1,1),(0,1),(1,4),(0,2)],[(0,1),(1,1),(0,3)],[(3,2),(2,4),(3,3)]];22;4;6;52;5375;15;16625;15;3267250
[[(3,1),(2,3),(3,3)],[(3,1),(2,2),(3,1),(2,1)],[(1,4),(0,2),(1,1)],[(2,3),(3,1),(2,1),(3,1)],[(0,3),(1,1),(0,3),(1,3)],[(1,2),(0,1),(1,2),(0,1)]];22;4;6;41;4667;13;10125;13;3377792
[[(3,4),(2,4),(3,2),(2,4)],[(2,1),(3,2),(2,2),(3,3)],[(1,1),(0,1),(1,4),(0,2)],[(0,1),(1,3),(0,1),(1,2)],[(2,3),(3,4),(2,1)],[(0,1),(1,4),(0,1)]];22;4;6;51;3833;16;12750;16;3324541
[[(3,3),(2,3),(3,1),(2,2)],[(2,1),(3,2),(2,2)],[(2,4),(3,4),(2,3),(3,3)],[(0,3),(1,4),(0,1),(1,1)],[(1,1),(0,1),(1,4),(0,3)],[(0,2),(1,3),(0,3)]];22;4;6;54;3625;17;9042;15;3180709
[[(3,2),(0,4),(3,1),(0,3)],[(0,4),(3,1),(0,2)],[(1,2),(2,2),(1,3),(2,2)],[(0,1),(3,4),(0,1),(3,4)],[(2,2),(1,4),(2,1)],[(2,3),(1,4),(2,3),(1,3)]];22;4;6;56;4458;16;10083;16;3590833
[[(2,1),(3,3),(2,2)],[(1,4),(0,2),(1,1),(0,3)],[(0,2),(1,3),(0,3),(1,1)],[(3,4),(2,3),(3,4),(2,4)],[(0,4),(1,2),(0,3)],[(2,1),(3,1),(2,2),(3,4)]];22;4;6;57;4417;17;27667;17;3173125
[[(2,2),(1,2),(2,3),(1,1)],[(0,4),(3,3),(0,4),(3,1)],[(3,1),(0,4),(3,1)],[(1,2),(2,3),(1,3),(2,1)],[(3,3),(0,3),(3,1),(0,1)],[(1,2),(2,4),(1,4)]];22;4;6;53;3584;16;15416;16;3082584
[[(3,3),(1,4),(3,1)],[(0,3),(2,1),(0,2),(2,3)],[(2,3),(0,4),(2,3),(0,3)],[(3,3),(1,3),(3,1),(1,1)],[(2,1),(0,4),(2,2)],[(1,3),(3,2),(1,1),(3,3)]];22;4;6;54;7041;16;9334;16;3468583
[[(0,2),(3,4),(0,4)],[(1,4),(2,4),(1,1),(2,2)],[(2,2),(1,1),(2,2),(1,2)],[(3,3),(0,3),(3,3),(0,4)],[(0,1),(3,3),(0,4),(3,1)],[(1,3),(2,1),(1,4)]];22;4;6;58;3667;19;9042;18;3135250
[[(2,2),(1,4),(2,2),(1,2)],[(0,2),(3,4),(0,2),(3,1)],[(0,2),(3,2),(0,3)],[(1,1),(2,1),(1,4)],[(3,1),(0,2),(3,3),(0,4)],[(1,3),(2,2),(1,2),(2,4)]];22;4;6;53;4125;18;15667;16;3063833
[[(1,1),(0,1),(1,4),(0,4)],[(2,4),(3,3),(2,4),(3,3)],[(3,4),(2,1),(3,1),(2,1)],[(2,3),(3,1),(2,3)],[(0,3),(1,4),(0,4)],[(0,1),(1,3),(0,4),(1,3)]];22;4;6;60;4375;19;10584;17;3215125
[[(0,1),(2,4),(0,2),(2,3)],[(3,3),(1,4),(3,1),(1,1)],[(0,2),(2,2),(0,1)],[(1,1),(3,2),(1,2)],[(1,1),(3,1),(1,2),(3,4)],[(2,2),(0,3),(2,4),(0,3)]];22;4;6;49;4709;15;10917;15;3967208
[[(3,1),(2,1),(3,2),(2,4)],[(2,1),(3,2),(2,4),(3,3)],[(0,1),(1,3),(0,1),(1,3)],[(1,2),(0,3),(1,3),(0,2)],[(2,3),(3,1),(2,1)],[(1,3),(0,3),(1,3)]];22;4;6;50;4333;17;9875;17;3078792
[[(2,3),(1,4),(2,3)],[(0,2),(3,4),(0,2),(3,1)],[(3,4),(0,4),(3,4),(0,1)],[(3,4),(0,1),(3,1)],[(1,1),(2,1),(1,2),(2,3)],[(2,3),(1,2),(2,3),(1,3)]];22;4;6;56;4292;18;12750;18;3572875
[[(2,3),(0,4),(2,3),(0,2)],[(1,2),(3,1),(1,4)],[(1,4),(3,3),(1,1),(3,1)],[(3,3),(1,1),(3,3),(1,4)],[(0,2),(2,4),(0,2)],[(0,3),(2,3),(0,1),(2,4)]];22;4;6;58;3709;17;8333;17;3083292
[[(1,1),(3,3),(1,2)],[(2,2),(0,3),(2,3),(0,3)],[(0,3),(2,2),(0,3),(2,3)],[(1,1),(3,3),(1,1),(3,4)],[(3,2),(1,4),(3,1),(1,3)],[(2,4),(0,3),(2,3)]];22;4;6;57;4250;17;17625;17;3202458
[[(1,3),(0,1),(1,2)],[(3,3),(2,2),(3,4),(2,4)],[(0,4),(1,3),(0,1),(1,2)],[(2,4),(3,1),(2,4),(3,1)],[(1,3),(0,4),(1,4),(0,3)],[(3,2),(2,1),(3,3)]];22;4;6;59;8500;18;15666;17;3171250
[[(2,1),(1,4),(2,1)],[(2,2),(1,2),(2,2),(1,1)],[(1,4),(2,3),(1,1),(2,3)],[(3,4),(0,2),(3,3),(0,3)],[(0,3),(3,3),(0,2),(3,4)],[(3,1),(0,4),(3,2)]];22;4;6;55;3959;17;9166;17;3203458
[[(0,1),(3,4),(0,3),(3,1)],[(2,2),(1,3),(2,3)],[(1,2),(2,2),(1,1),(2,3)],[(3,3),(0,4),(3,3)],[(2,1),(1,2),(2,1),(1,2)],[(3,4),(0,2),(3,2),(0,4)]];22;4;6;53;4250;20;9333;18;3553584
[[(0,3),(1,4),(0,2),(1,3)],[(1,1),(0,3),(1,2)],[(2,4),(3,1),(2,3)],[(3,4),(2,3),(3,4),(2,3)],[(2,1),(3,3),(2,1),(3,4)],[(1,2),(0,2),(1,1),(0,1)]];22;4;6;55;3583;16;8709;16;3056084
[[(3,4),(2,1),(3,4),(2,1)],[(1,4),(0,3),(1,3)],[(1,2),(0,4),(1,2),(0,3)],[(0,1),(1,3),(0,1),(1,1)],[(2,4),(3,2),(2,2),(3,1)],[(3,2),(2,3),(3,3)]];22;4;6;54;3334;17;14042;16;3167292
[[(0,2),(2,1),(0,4)],[(1,3),(3,1),(1,3),(3,1)],[(3,4),(1,1),(3,3)],[(2,2),(0,1),(2,2),(0,1)],[(0,3),(2,4),(0,1),(2,4)],[(3,2),(1,2),(3,1),(1,3)]];22;4;6;49;3042;15;16333;14;3194583
[[(1,1),(2,1),(1,1),(2,3)],[(3,3),(0,1),(3,1),(0,1)],[(0,2),(3,1),(0,4),(3,3)],[(3,3),(0,3),(3,3)],[(2,4),(1,1),(2,3)],[(2,3),(1,2),(2,2),(1,3)]];22;4;6;49;5000;16;16083;16;3235042
[[(2,4),(3,3),(2,4),(3,1)],[(3,4),(2,4),(3,1),(2,4)],[(1,1),(0,3),(1,3),(0,2)],[(3,2),(2,4),(3,4)],[(0,3),(1,3),(0,4),(1,2)],[(1,2),(0,4),(1,3)]];22;4;6;65;4333;20;10083;20;3135875
[[(0,3),(2,3),(0,4),(2,3)],[(2,1),(0,3),(2,3),(0,1)],[(2,1),(0,2),(2,4)],[(1,3),(3,3),(1,1)],[(1,4),(3,3),(1,1),(3,2)],[(3,4),(1,2),(3,1),(1,4)]];22;4;6;56;3333;16;14375;16;3102667
[[(1,4),(2,3),(1,4)],[(1,4),(2,3),(1,2),(2,4)],[(3,2),(0,4),(3,1),(0,3)],[(2,1),(1,1),(2,3),(1,4)],[(0,3),(3,3),(0,3),(3,4)],[(0,3),(3,2),(0,1)]];22;4;6;62;12583;19;8667;19;3120375
[[(0,4),(2,1),(0,1),(2,1)],[(2,3),(0,4),(2,4)],[(2,4),(0,1),(2,4),(0,3)],[(3,3),(1,3),(3,2),(1,1)],[(3,1),(1,1),(3,4)],[(1,3),(3,3),(1,2),(3,1)]];22;4;6;54;4750;19;11750;17;3362958
[[(0,2),(3,1),(0,4),(3,2)],[(0,2),(3,3),(0,2)],[(2,3),(1,2),(2,3),(1,1)],[(1,1),(2,1),(1,3),(2,1)],[(2,1),(1,4),(2,1)],[(3,4),(0,4),(3,4),(0,2)]];22;4;6;51;3792;16;9084;16;2981292
[[(0,2),(3,2),(0,4),(3,4)],[(2,3),(1,4),(2,3)],[(3,2),(0,2),(3,1),(0,4)],[(2,4),(1,3),(2,1),(1,1)],[(0,4),(3,1),(0,2)],[(1,2),(2,3),(1,3),(2,1)]];22;4;6;56;5125;18;10209;18;3084083
[[(0,1),(1,3),(0,2)],[(3,2),(2,3),(3,2),(2,4)],[(0,4),(1,4),(0,1),(1,2)],[(1,3),(0,1),(1,4),(0,3)],[(2,2),(3,2),(2,4)],[(2,3),(3,2),(2,3),(3,1)]];22;4;6;56;3292;19;8417;19;3116542
[[(3,1),(0,2),(3,3),(0,3)],[(2,1),(1,1),(2,4)],[(2,3),(1,3),(2,1),(1,2)],[(1,1),(2,1),(1,2),(2,2)],[(0,4),(3,4),(0,3)],[(0,2),(3,1),(0,3),(3,3)]];22;4;6;50;7709;17;19417;17;3202625
[[(2,1),(0,2),(2,2),(0,2)],[(3,4),(1,3),(3,3),(1,1)],[(1,2),(3,1),(1,3)],[(1,3),(3,1),(1,2),(3,2)],[(0,2),(2,1),(0,2),(2,2)],[(0,3),(2,4),(0,2)]];22;4;6;48;9000;15;8958;14;3259958
[[(3,3),(1,4),(3,4),(1,2)],[(0,4),(2,2),(0,2),(2,4)],[(1,3),(3,2),(1,3)],[(1,4),(3,2),(1,1),(3,1)],[(2,4),(0,1),(2,1),(0,4)],[(0,2),(2,1),(0,2)]];22;4;6;56;4250;17;13042;17;3216500
[[(0,3),(2,4),(0,4),(2,3)],[(3,3),(1,1),(3,3)],[(2,3),(0,1),(2,2),(0,4)],[(1,1),(3,4),(1,3),(3,4)],[(2,4),(0,2),(2,3)],[(3,4),(1,3),(3,1),(1,3)]];22;4;6;63;3542;19;8375;19;3505167
[[(0,4),(3,1),(0,1),(3,4)],[(1,4),(2,3),(1,1),(2,1)],[(3,3),(0,1),(3,3)],[(1,3),(2,2),(1,2)],[(3,4),(0,1),(3,2),(0,2)],[(2,2),(1,1),(2,4),(1,4)]];22;4;6;53;3458;17;8500;17;3127000
[[(1,4),(0,1),(1,4),(0,2)],[(3,3),(2,2),(3,4),(2,3)],[(3,1),(2,1),(3,4)],[(0,1),(1,2),(0,3),(1,2)],[(1,1),(0,3),(1,3)],[(2,1),(3,4),(2,4),(3,2)]];22;4;6;55;3750;18;8625;18;3188958
[[(1,2),(0,2),(1,1)],[(1,3),(0,2),(1,4),(0,1)],[(3,3),(2,2),(3,3),(2,4)],[(2,3),(3,1),(2,1),(3,1)],[(3,4),(2,2),(3,2)],[(0,4),(1,4),(0,1),(1,1)]];22;4;6;51;3292;15;10542;15;3226208
[[(0,2),(2,2),(0,3),(2,3)],[(0,3),(2,3),(0,3)],[(3,3),(1,4),(3,1),(1,4)],[(1,1),(3,2),(1,2),(3,1)],[(1,1),(3,1),(1,2)],[(2,2),(0,2),(2,2),(0,2)]];22;4;6;49;4375;15;10916;15;3216209
[[(2,3),(1,3),(2,3)],[(0,4),(3,3),(0,2),(3,3)],[(1,2),(2,1),(1,2),(2,2)],[(3,1),(0,3),(3,3),(0,4)],[(3,3),(0,2),(3,4)],[(2,3),(1,4),(2,4),(1,3)]];22;4;6;62;4708;17;10666;17;3326833
[[(0,4),(3,3),(0,3),(3,4)],[(2,3),(1,2),(2,3),(1,2)],[(1,4),(2,1),(1,2),(2,1)],[(3,2),(0,1),(3,3),(0,1)],[(2,2),(1,4),(2,2)],[(0,1),(3,4),(0,2)]];22;4;6;54;3500;18;8291;16;3202917
[[(1,1),(3,1),(1,1)],[(2,3),(0,1),(2,3)],[(2,4),(0,3),(2,4),(0,3)],[(1,3),(3,3),(1,1),(3,4)],[(3,4),(1,1),(3,3),(1,2)],[(0,2),(2,2),(0,4),(2,3)]];22;4;6;56;4084;19;9291;19;3127667
[[(2,1),(1,2),(2,3)],[(0,2),(3,3),(0,2),(3,2)],[(3,4),(0,1),(3,4)],[(1,2),(2,3),(1,1),(2,4)],[(2,1),(1,1),(2,2),(1,4)],[(3,2),(0,2),(3,4),(0,2)]];22;4;6;52;3750;19;8875;19;3005000
[[(3,1),(0,3),(3,1),(0,4)],[(1,1),(2,2),(1,4),(2,3)],[(3,2),(0,2),(3,4)],[(0,2),(3,2),(0,1),(3,4)],[(2,3),(1,2),(2,4),(1,4)],[(1,4),(2,3),(1,1)]];22;4;6;57;4333;16;14791;16;2984500
[[(2,2),(3,3),(2,4)],[(1,4),(0,3),(1,4),(0,1)],[(1,3),(0,2),(1,4)],[(2,4),(3,3),(2,3),(3,1)],[(0,2),(1,4),(0,4),(1,1)],[(3,1),(2,2),(3,3),(2,2)]];22;4;6;60;3542;20;9625;20;3133917
[[(3,4),(1,1),(3,3)],[(0,2),(2,3),(0,4)],[(0,1),(2,4),(0,1),(2,4)],[(2,2),(0,4),(2,1),(0,1)],[(1,3),(3,3),(1,1),(3,3)],[(3,4),(1,3),(3,3),(1,4)]];22;4;6;59;4125;21;8791;20;3208292
[[(2,2),(1,4),(2,3),(1,2)],[(0,2),(3,1),(0,1)],[(0,1),(3,2),(0,3),(3,4)],[(1,2),(2,3),(1,1),(2,3)],[(2,3),(1,1),(2,4)],[(3,4),(0,4),(3,4),(0,1)]];22;4;6;55;3541;18;8833;18;3139792
[[(3,3),(2,1),(3,2)],[(0,2),(1,2),(0,2),(1,1)],[(1,3),(0,2),(1,1)],[(3,3),(2,4),(3,4),(2,3)],[(2,1),(3,4),(2,2),(3,2)],[(1,4),(0,1),(1,4),(0,3)]];22;4;6;54;4333;19;9792;18;3156292
[[(2,1),(1,4),(2,2),(1,2)],[(3,3),(0,1),(3,4),(0,2)],[(2,2),(1,2),(2,4)],[(3,2),(0,2),(3,4)],[(1,4),(2,3),(1,3),(2,3)],[(0,2),(3,3),(0,4),(3,4)]];22;4;6;61;4250;20;8959;20;3091666
[[(0,2),(2,2),(0,1),(2,4)],[(3,3),(1,2),(3,2),(1,1)],[(2,1),(0,4),(2,3)],[(2,1),(0,1),(2,2),(0,3)],[(1,1),(3,2),(1,3)],[(1,2),(3,1),(1,2),(3,3)]];22;4;6;46;4791;15;10792;13;3136166
[[(1,4),(3,1),(1,3),(3,1)],[(3,3),(1,2),(3,1),(1,1)],[(2,4),(0,2),(2,1),(0,3)],[(3,3),(1,4),(3,1)],[(0,1),(2,3),(0,3),(2,1)],[(2,2),(0,3),(2,4)]];22;4;6;51;3667;15;14958;15;3235458
[[(0,1),(1,2),(0,1),(1,4)],[(3,4),(2,3),(3,2)],[(2,1),(3,1),(2,3),(3,1)],[(1,3),(0,2),(1,4)],[(1,1),(0,2),(1,4),(0,4)],[(3,1),(2,2),(3,3),(2,3)]];22;4;6;52;5791;18;11250;18;3172334
[[(3,4),(1,2),(3,3),(1,3)],[(0,4),(2,1),(0,1),(2,2)],[(3,1),(1,1),(3,2)],[(2,2),(0,3),(2,1),(0,4)],[(1,3),(3,2),(1,2),(3,1)],[(2,1),(0,3),(2,3)]];22;4;6;49;3791;15;8916;15;3059542
[[(0,1),(1,2),(0,2)],[(2,1),(3,3),(2,3),(3,4)],[(0,3),(1,2),(0,4),(1,1)],[(1,4),(0,3),(1,3),(0,1)],[(3,2),(2,3),(3,4)],[(3,1),(2,1),(3,1),(2,1)]];22;4;6;50;4083;15;9500;15;3008458
[[(3,2),(1,1),(3,1),(1,4)],[(1,3),(3,2),(1,2),(3,2)],[(1,3),(3,4),(1,3)],[(0,3),(2,4),(0,4),(2,1)],[(2,1),(0,3),(2,4)],[(2,2),(0,1),(2,1),(0,3)]];22;4;6;54;3500;17;17292;16;3146250
[[(0,4),(2,4),(0,1)],[(0,1),(2,1),(0,4),(2,2)],[(2,2),(0,4),(2,2),(0,4)],[(1,1),(3,4),(1,3)],[(1,3),(3,4),(1,2),(3,3)],[(3,1),(1,2),(3,4),(1,3)]];22;4;6;59;4250;18;13792;18;3161791
[[(1,1),(2,1),(1,2),(2,3)],[(2,1),(1,4),(2,3),(1,1)],[(0,2),(3,4),(0,3),(3,1)],[(3,2),(0,1),(3,4)],[(3,1),(0,1),(3,1),(0,3)],[(2,1),(1,1),(2,4)]];22;4;6;45;5208;15;8333;13;3133708
[[(1,1),(3,3),(1,1),(3,4)],[(0,1),(2,4),(0,1)],[(1,4),(3,1),(1,2)],[(0,1),(2,2),(0,3),(2,2)],[(2,4),(0,1),(2,3),(0,3)],[(3,1),(1,1),(3,1),(1,2)]];22;4;6;46;4375;16;9500;15;3149291
[[(0,1),(3,4),(0,2),(3,2)],[(3,3),(0,2),(3,4)],[(2,1),(1,4),(2,2)],[(3,3),(0,2),(3,2),(0,3)],[(1,2),(2,2),(1,3),(2,4)],[(2,2),(1,4),(2,1),(1,4)]];22;4;6;57;3500;19;11375;18;3034333
[[(3,3),(2,4),(3,3),(2,2)],[(3,1),(2,2),(3,4)],[(1,4),(0,4),(1,1),(0,1)],[(2,2),(3,4),(2,4),(3,2)],[(0,1),(1,4),(0,4),(1,4)],[(0,2),(1,4),(0,4)]];22;4;6;64;4167;17;9625;17;3140125
[[(0,2),(2,2),(0,1),(2,1)],[(3,4),(1,1),(3,1)],[(2,1),(0,1),(2,2)],[(1,1),(3,2),(1,4),(3,1)],[(2,3),(0,2),(2,2),(0,4)],[(3,2),(1,1),(3,4),(1,2)]];22;4;6;44;3500;15;12000;14;3140834
[[(3,3),(0,3),(3,1),(0,2)],[(2,3),(1,4),(2,3),(1,3)],[(1,3),(2,3),(1,4),(2,1)],[(0,2),(3,1),(0,2),(3,1)],[(3,3),(0,3),(3,2)],[(1,2),(2,1),(1,4)]];22;4;6;54;8458;20;10292;20;3094833
[[(2,3),(3,3),(2,3),(3,3)],[(1,3),(0,4),(1,2),(0,4)],[(0,3),(1,2),(0,4),(1,4)],[(3,2),(2,3),(3,4),(2,1)],[(1,4),(0,2),(1,1)],[(3,3),(2,4),(3,2)]];22;4;6;64;4458;17;11167;17;3240417
[[(0,3),(2,3),(0,1)],[(0,4),(2,3),(0,3),(2,2)],[(3,1),(1,4),(3,3),(1,1)],[(1,2),(3,2),(1,3),(3,2)],[(2,2),(0,1),(2,1),(0,2)],[(3,3),(1,4),(3,2)]];22;4;6;52;4500;15;10500;15;3002417
[[(2,1),(1,1),(2,2),(1,1)],[(3,3),(0,3),(3,1)],[(1,1),(2,1),(1,4),(2,4)],[(3,4),(0,4),(3,2),(0,3)],[(0,1),(3,4),(0,3),(3,4)],[(1,1),(2,4),(1,3)]];22;4;6;55;3541;18;8750;18;3032333
[[(3,4),(2,2),(3,4),(2,4)],[(0,2),(1,4),(0,1),(1,3)],[(0,2),(1,1),(0,3)],[(3,1),(2,1),(3,2)],[(1,3),(0,4),(1,1),(0,3)],[(2,1),(3,4),(2,3),(3,2)]];22;4;6;55;4125;17;9041;17;3130875
[[(2,4),(3,1),(2,3),(3,2)],[(1,1),(0,2),(1,4)],[(3,4),(2,3),(3,1),(2,4)],[(1,4),(0,2),(1,1),(0,3)],[(2,1),(3,3),(2,4)],[(0,3),(1,2),(0,2),(1,4)]];22;4;6;58;3500;19;8625;19;2990042
[[(0,4),(3,4),(0,1)],[(2,1),(1,4),(2,3),(1,4)],[(1,1),(2,2),(1,1)],[(1,3),(2,3),(1,4),(2,4)],[(3,1),(0,1),(3,3),(0,4)],[(0,1),(3,3),(0,2),(3,2)]];22;4;6;56;3917;18;9917;17;2979792
[[(1,3),(0,3),(1,2)],[(3,2),(2,2),(3,3),(2,2)],[(0,4),(1,2),(0,4),(1,2)],[(2,1),(3,2),(2,4),(3,3)],[(1,2),(0,1),(1,4),(0,3)],[(3,1),(2,1),(3,4)]];22;4;6;55;4042;16;9125;15;3036916
[[(1,2),(3,1),(1,3),(3,2)],[(3,4),(1,1),(3,1)],[(0,4),(2,1),(0,3),(2,3)],[(2,3),(0,2),(2,1),(0,1)],[(2,2),(0,2),(2,1)],[(3,2),(1,1),(3,1),(1,1)]];22;4;6;42;3833;14;9250;13;2956666
[[(2,2),(1,4),(2,4)],[(1,1),(2,4),(1,4),(2,4)],[(0,4),(3,1),(0,1),(3,2)],[(0,3),(3,4),(0,2)],[(3,3),(0,1),(3,4),(0,4)],[(2,2),(1,2),(2,4),(1,4)]];22;4;6;64;3583;20;8917;20;3177583
[[(2,1),(0,1),(2,4)],[(2,2),(0,2),(2,1),(0,3)],[(3,2),(1,1),(3,2),(1,1)],[(0,2),(2,3),(0,3),(2,3)],[(1,1),(3,3),(1,3)],[(1,3),(3,3),(1,3),(3,3)]];22;4;6;50;4208;14;9750;14;3252084
[[(2,1),(0,3),(2,4),(0,4)],[(0,1),(2,1),(0,2),(2,2)],[(3,2),(1,4),(3,2)],[(3,3),(1,4),(3,2),(1,2)],[(0,1),(2,3),(0,1)],[(1,1),(3,4),(1,2),(3,1)]];22;4;6;50;3625;15;11458;15;3126042
[[(3,2),(2,4),(3,2)],[(1,3),(0,2),(1,1),(0,1)],[(0,4),(1,1),(0,1),(1,2)],[(1,2),(0,1),(1,4)],[(3,3),(2,2),(3,2),(2,4)],[(2,4),(3,3),(2,2),(3,3)]];22;4;6;53;4750;16;11333;16;3131375
[[(3,3),(0,3),(3,1),(0,2)],[(0,2),(3,3),(0,3),(3,4)],[(3,1),(0,2),(3,4)],[(1,4),(2,4),(1,2)],[(1,4),(2,2),(1,1),(2,2)],[(2,1),(1,1),(2,3),(1,2)]];22;4;6;54;3416;16;8917;16;2912333
[[(3,1),(1,3),(3,3),(1,1)],[(2,1),(0,3),(2,3),(0,2)],[(0,2),(2,2),(0,4),(2,1)],[(0,2),(2,1),(0,2)],[(1,2),(3,2),(1,4),(3,4)],[(3,1),(1,3),(3,2)]];22;4;6;49;4750;16;8666;15;3049667
[[(0,2),(3,2),(0,2)],[(1,4),(2,1),(1,2),(2,1)],[(0,3),(3,4),(0,2),(3,2)],[(3,3),(0,4),(3,1),(0,1)],[(1,2),(2,4),(1,2)],[(2,4),(1,3),(2,1),(1,1)]];22;4;6;51;6750;15;9250;14;3261792
[[(3,1),(1,1),(3,4),(1,3)],[(2,4),(0,2),(2,1)],[(0,4),(2,4),(0,4),(2,2)],[(1,1),(3,4),(1,4)],[(1,4),(3,3),(1,1),(3,2)],[(2,3),(0,4),(2,3),(0,3)]];22;4;6;62;4500;18;13792;18;3076792
[[(1,1),(0,3),(1,1),(0,4)],[(0,3),(1,2),(0,4),(1,3)],[(2,4),(3,3),(2,1),(3,2)],[(3,1),(2,4),(3,2),(2,4)],[(2,4),(3,3),(2,3)],[(0,4),(1,4),(0,4)]];22;4;6;64;3542;22;8667;22;3247042
[[(1,2),(3,1),(1,4),(3,3)],[(2,1),(0,4),(2,1)],[(2,1),(0,4),(2,3),(0,2)],[(3,2),(1,1),(3,4),(1,1)],[(0,3),(2,2),(0,4),(2,3)],[(3,4),(1,3),(3,1)]];22;4;6;54;4667;18;10708;17;3195250
[[(3,2),(0,4),(3,4),(0,3)],[(1,2),(2,3),(1,2),(2,4)],[(3,1),(0,2),(3,4)],[(0,4),(3,4),(0,2),(3,1)],[(1,4),(2,1),(1,3)],[(2,2),(1,2),(2,1),(1,4)]];22;4;6;59;3459;17;8417;17;3296625
[[(3,3),(2,2),(3,3),(2,3)],[(2,1),(3,4),(2,4),(3,4)],[(1,1),(0,1),(1,1)],[(1,1),(0,4),(1,1),(0,1)],[(3,3),(2,3),(3,1)],[(0,4),(1,1),(0,2),(1,2)]];22;4;6;50;3209;18;8083;18;3211166
[[(2,2),(3,4),(2,1),(3,3)],[(1,3),(0,4),(1,4)],[(2,2),(3,1),(2,3)],[(0,4),(1,1),(0,2),(1,2)],[(3,4),(2,2),(3,4),(2,3)],[(1,3),(0,1),(1,4),(0,4)]];22;4;6;61;4167;20;12166;17;3428500
[[(1,3),(2,1),(1,1),(2,3)],[(3,4),(0,4),(3,3),(0,2)],[(0,2),(3,2),(0,3)],[(1,4),(2,2),(1,1)],[(0,4),(3,3),(0,4),(3,1)],[(2,4),(1,2),(2,3),(1,1)]];22;4;6;57;3542;19;8834;19;3020791
[[(1,2),(3,2),(1,4)],[(1,4),(3,1),(1,1),(3,4)],[(3,4),(1,2),(3,1),(1,4)],[(2,4),(0,4),(2,3),(0,1)],[(0,3),(2,4),(0,1),(2,2)],[(0,3),(2,4),(0,4)]];22;4;6;62;8334;17;9500;17;3303333
[[(2,4),(3,1),(2,1),(3,1)],[(3,3),(2,1),(3,3),(2,4)],[(0,4),(1,2),(0,2)],[(2,1),(3,2),(2,1)],[(0,4),(1,1),(0,3),(1,3)],[(1,3),(0,2),(1,4),(0,4)]];22;4;6;54;4459;19;9375;19;3199375
[[(2,3),(1,1),(2,2),(1,1)],[(0,3),(3,3),(0,4),(3,2)],[(3,1),(0,2),(3,4),(0,3)],[(2,2),(1,4),(2,1)],[(3,4),(0,3),(3,2)],[(1,1),(2,1),(1,4),(2,1)]];22;4;6;52;3667;16;8375;16;3022708
[[(1,1),(3,2),(1,4),(3,3)],[(0,4),(2,2),(0,3),(2,4)],[(2,3),(0,1),(2,2),(0,3)],[(2,2),(0,4),(2,4)],[(3,2),(1,2),(3,4)],[(3,3),(1,4),(3,3),(1,1)]];22;4;6;61;8708;17;14084;17;3405333
[[(0,2),(2,4),(0,3),(2,3)],[(2,3),(0,2),(2,2),(0,1)],[(1,2),(3,1),(1,3),(3,1)],[(1,3),(3,4),(1,3)],[(3,1),(1,2),(3,2),(1,1)],[(2,3),(0,4),(2,4)]];22;4;6;54;3584;19;9125;19;3220458
[[(0,1),(1,3),(0,3),(1,1)],[(1,3),(0,3),(1,3)],[(2,1),(3,2),(2,4),(3,1)],[(3,3),(2,1),(3,3),(2,2)],[(3,3),(2,1),(3,3)],[(1,1),(0,1),(1,2),(0,1)]];22;4;6;46;8125;15;9792;15;3164042
[[(3,2),(0,2),(3,2),(0,1)],[(2,3),(1,2),(2,1),(1,3)],[(0,1),(3,4),(0,1)],[(0,3),(3,1),(0,4),(3,1)],[(1,3),(2,2),(1,2),(2,2)],[(2,2),(1,3),(2,4)]];22;4;6;49;3875;14;9667;14;3295000
[[(0,2),(2,1),(0,4),(2,2)],[(1,3),(3,3),(1,3),(3,3)],[(2,1),(0,4),(2,1),(0,1)],[(1,4),(3,1),(1,4)],[(0,3),(2,2),(0,3)],[(3,4),(1,4),(3,1),(1,4)]];22;4;6;58;6375;22;9250;22;3264208
[[(1,4),(3,1),(1,4),(3,4)],[(1,1),(3,1),(1,1)],[(3,4),(1,1),(3,3),(1,2)],[(2,1),(0,4),(2,3),(0,4)],[(0,4),(2,1),(0,1),(2,1)],[(0,2),(2,2),(0,3)]];22;4;6;52;3667;18;9250;18;3237500
[[(2,4),(0,4),(2,1),(0,2)],[(0,4),(2,4),(0,2)],[(3,1),(1,4),(3,4),(1,4)],[(0,3),(2,1),(0,2),(2,3)],[(3,4),(1,3),(3,3)],[(1,3),(3,4),(1,3),(3,3)]];22;4;6;66;3459;19;8458;19;3118250
[[(0,1),(3,1),(0,3)],[(2,4),(1,1),(2,3),(1,1)],[(1,2),(2,3),(1,2)],[(0,4),(3,2),(0,4),(3,2)],[(3,2),(0,1),(3,4),(0,3)],[(1,3),(2,1),(1,1),(2,3)]];22;4;6;51;4167;16;9708;16;3030750
[[(2,1),(1,2),(2,3)],[(0,3),(3,4),(0,1),(3,3)],[(3,3),(0,3),(3,3),(0,4)],[(3,3),(0,1),(3,3)],[(2,2),(1,2),(2,2),(1,2)],[(1,1),(2,4),(1,2),(2,2)]];22;4;6;54;3167;19;12000;19;3176583
[[(0,1),(3,1),(0,1)],[(1,1),(2,4),(1,1),(2,1)],[(2,4),(1,4),(2,4),(1,1)],[(3,1),(0,2),(3,2),(0,3)],[(0,4),(3,2),(0,2),(3,1)],[(2,4),(1,1),(2,1)]];22;4;6;46;3417;18;8542;18;3101542
[[(0,2),(1,2),(0,3),(1,2)],[(2,2),(3,4),(2,2)],[(3,1),(2,1),(3,3),(2,1)],[(1,1),(0,2),(1,2),(0,2)],[(1,2),(0,1),(1,3)],[(2,4),(3,4),(2,2),(3,1)]];22;4;6;47;3666;14;8542;14;3253583
[[(3,4),(1,4),(3,1),(1,2)],[(2,1),(0,1),(2,3)],[(0,4),(2,3),(0,3),(2,4)],[(3,2),(1,2),(3,4)],[(2,4),(0,3),(2,3),(0,2)],[(1,4),(3,3),(1,1),(3,2)]];22;4;6;60;3708;18;8625;18;2965708
[[(1,2),(0,4),(1,2),(0,1)],[(2,4),(3,1),(2,3),(3,2)],[(0,4),(1,1),(0,3),(1,2)],[(3,2),(2,1),(3,4),(2,3)],[(1,4),(0,2),(1,1)],[(3,3),(2,2),(3,4)]];22;4;6;55;3416;16;7958;16;3063375
[[(3,1),(2,1),(3,1),(2,2)],[(2,3),(3,4),(2,4),(3,4)],[(3,4),(2,4),(3,4)],[(1,2),(0,2),(1,2),(0,4)],[(0,3),(1,3),(0,3),(1,2)],[(1,1),(0,2),(1,1)]];22;4;6;57;3458;18;8208;18;3064708
[[(2,3),(3,3),(2,1),(3,2)],[(3,2),(2,3),(3,3),(2,3)],[(1,3),(0,1),(1,4),(0,3)],[(0,3),(1,3),(0,4)],[(2,2),(3,1),(2,2)],[(0,3),(1,1),(0,1),(1,2)]];22;4;6;53;3834;15;8959;15;3214333
[[(2,3),(0,3),(2,3),(0,2)],[(1,1),(3,1),(1,4),(3,4)],[(3,2),(1,4),(3,3),(1,3)],[(2,4),(0,1),(2,3)],[(1,4),(3,2),(1,4)],[(0,2),(2,1),(0,2),(2,2)]];22;4;6;58;3708;20;8750;20;2978542
[[(2,1),(3,1),(2,3),(3,1)],[(3,3),(2,3),(3,4),(2,2)],[(1,2),(0,3),(1,3),(0,3)],[(0,2),(1,1),(0,4)],[(2,4),(3,3),(2,4)],[(0,4),(1,4),(0,1),(1,4)]];22;4;6;60;3541;18;8166;17;3243542
[[(2,1),(0,2),(2,2),(0,2)],[(3,1),(1,1),(3,4),(1,4)],[(0,3),(2,1),(0,4),(2,1)],[(1,2),(3,3),(1,4)],[(1,1),(3,1),(1,1),(3,3)],[(2,4),(0,3),(2,3)]];22;4;6;51;3458;14;8834;14;3055959
[[(0,2),(2,2),(0,4)],[(3,1),(1,4),(3,3)],[(0,2),(2,1),(0,3),(2,4)],[(3,2),(1,4),(3,2),(1,2)],[(2,3),(0,2),(2,2),(0,2)],[(1,4),(3,1),(1,1),(3,3)]];22;4;6;54;4083;17;12917;16;3203250
[[(0,3),(3,1),(0,3),(3,4)],[(2,1),(1,2),(2,4),(1,2)],[(3,1),(0,4),(3,3),(0,1)],[(1,3),(2,4),(1,1)],[(1,2),(2,1),(1,2),(2,2)],[(3,3),(0,4),(3,4)]];22;4;6;55;3750;19;9208;18;3264625
[[(2,3),(1,3),(2,4),(1,3)],[(1,3),(2,2),(1,2),(2,1)],[(0,4),(3,3),(0,2)],[(2,1),(1,3),(2,1)],[(0,4),(3,1),(0,1),(3,4)],[(3,2),(0,1),(3,2),(0,2)]];22;4;6;52;7792;16;9750;15;3208709
[[(3,3),(0,1),(3,4),(0,1)],[(1,3),(2,3),(1,3),(2,3)],[(2,1),(1,1),(2,2)],[(0,1),(3,2),(0,1)],[(2,1),(1,3),(2,1),(1,1)],[(0,4),(3,4),(0,2),(3,4)]];22;4;6;49;6625;17;9375;17;2997292
[[(3,3),(1,4),(3,4)],[(2,2),(0,3),(2,1),(0,2)],[(0,3),(2,4),(0,4)],[(3,3),(1,4),(3,1),(1,4)],[(0,4),(2,4),(0,4),(2,3)],[(1,4),(3,3),(1,1),(3,2)]];22;4;6;67;3167;21;8209;20;3068458
[[(0,1),(1,3),(0,3),(1,4)],[(2,3),(3,2),(2,1),(3,1)],[(1,2),(0,3),(1,1),(0,2)],[(3,3),(2,3),(3,2),(2,2)],[(0,1),(1,3),(0,2)],[(3,1),(2,2),(3,4)]];22;4;6;49;3583;13;8666;13;3260541
[[(0,1),(1,2),(0,2),(1,2)],[(3,2),(2,2),(3,4),(2,3)],[(1,1),(0,1),(1,4),(0,2)],[(0,3),(1,1),(0,3)],[(2,3),(3,1),(2,4)],[(2,2),(3,2),(2,4),(3,1)]];22;4;6;50;4334;18;9709;18;3069958
[[(1,2),(2,3),(1,4),(2,3)],[(2,2),(1,2),(2,3)],[(2,2),(1,4),(2,1),(1,4)],[(3,2),(0,2),(3,2)],[(3,1),(0,3),(3,4),(0,2)],[(0,3),(3,4),(0,1),(3,3)]];22;4;6;57;4750;16;12958;16;3182667
[[(0,2),(2,3),(0,2),(2,4)],[(1,2),(3,1),(1,4),(3,1)],[(2,4),(0,1),(2,4),(0,1)],[(0,1),(2,1),(0,2)],[(3,4),(1,1),(3,1),(1,2)],[(1,4),(3,4),(1,2)]];22;4;6;51;3625;16;8833;16;3077250
[[(3,2),(0,4),(3,3),(0,1)],[(0,2),(3,3),(0,4)],[(1,4),(2,1),(1,3)],[(1,2),(2,3),(1,4),(2,2)],[(0,1),(3,3),(0,3),(3,3)],[(2,2),(1,2),(2,3),(1,1)]];22;4;6;56;5209;17;11292;16;3317792
[[(0,1),(2,2),(0,2),(2,4)],[(1,3),(3,3),(1,2),(3,3)],[(1,1),(3,4),(1,3)],[(0,3),(2,1),(0,1)],[(2,4),(0,1),(2,4),(0,1)],[(3,3),(1,1),(3,4),(1,4)]];22;4;6;55;3500;18;8291;17;3260291
[[(0,4),(2,3),(0,2),(2,3)],[(2,2),(0,2),(2,1),(0,4)],[(1,2),(3,3),(1,3),(3,3)],[(3,3),(1,4),(3,2),(1,4)],[(2,1),(0,2),(2,2)],[(3,3),(1,3),(3,1)]];22;4;6;57;4167;17;8625;17;3294708
[[(2,1),(0,3),(2,2),(0,3)],[(1,2),(3,4),(1,4),(3,2)],[(0,3),(2,4),(0,3),(2,2)],[(3,2),(1,4),(3,4),(1,2)],[(3,1),(1,2),(3,4)],[(2,3),(0,3),(2,3)]];22;4;6;61;4292;17;9958;17;3135791
[[(3,2),(1,2),(3,2),(1,1)],[(3,2),(1,3),(3,2)],[(2,1),(0,3),(2,2)],[(1,3),(3,4),(1,1),(3,3)],[(2,2),(0,3),(2,1),(0,3)],[(0,4),(2,3),(0,2),(2,1)]];22;4;6;50;3542;15;10959;15;3111042
[[(3,1),(1,1),(3,3)],[(3,3),(1,4),(3,3),(1,4)],[(1,2),(3,3),(1,3),(3,2)],[(2,3),(0,1),(2,2),(0,3)],[(0,1),(2,3),(0,3)],[(0,3),(2,2),(0,1),(2,1)]];22;4;6;52;3250;17;8083;15;2947500
[[(1,3),(0,4),(1,2)],[(3,1),(2,4),(3,2),(2,1)],[(0,3),(1,3),(0,4),(1,2)],[(3,1),(2,4),(3,3)],[(1,2),(0,3),(1,2),(0,4)],[(2,2),(3,3),(2,3),(3,4)]];22;4;6;60;4416;18;13708;18;2962542
[[(1,2),(3,1),(1,4),(3,3)],[(0,2),(2,4),(0,2),(2,2)],[(3,2),(1,4),(3,3),(1,1)],[(2,2),(0,2),(2,1),(0,1)],[(3,1),(1,1),(3,4)],[(0,1),(2,3),(0,3)]];22;4;6;49;3666;16;8416;14;2910167
[[(1,3),(3,4),(1,3)],[(0,3),(2,4),(0,3)],[(2,4),(0,2),(2,2),(0,4)],[(3,1),(1,2),(3,2),(1,4)],[(1,2),(3,3),(1,3),(3,4)],[(0,4),(2,1),(0,1),(2,1)]];22;4;6;60;3959;17;13000;17;3071250
[[(2,1),(0,2),(2,1)],[(1,1),(3,2),(1,4),(3,2)],[(1,3),(3,1),(1,4)],[(2,1),(0,2),(2,1),(0,3)],[(3,3),(1,2),(3,4),(1,1)],[(0,2),(2,3),(0,3),(2,2)]];22;4;6;48;3875;15;10166;15;3156500
[[(1,3),(3,2),(1,4),(3,3)],[(2,4),(0,1),(2,2),(0,3)],[(2,1),(0,2),(2,2)],[(1,2),(3,3),(1,4)],[(0,1),(2,3),(0,4),(2,4)],[(3,3),(1,3),(3,3),(1,2)]];22;4;6;59;3666;18;9833;18;3304209
[[(0,1),(1,3),(0,1),(1,1)],[(3,4),(2,2),(3,3),(2,3)],[(2,4),(3,3),(2,1),(3,4)],[(1,4),(0,3),(1,4),(0,1)],[(1,4),(0,4),(1,1)],[(3,3),(2,3),(3,3)]];22;4;6;60;4458;20;10459;20;3324417
[[(0,3),(1,1),(0,1),(1,4)],[(3,2),(2,4),(3,3),(2,2)],[(2,3),(3,4),(2,4)],[(2,3),(3,1),(2,4),(3,2)],[(1,3),(0,2),(1,4),(0,4)],[(0,3),(1,3),(0,2)]];22;4;6;62;5375;20;11541;20;3107167
[[(3,4),(2,1),(3,1),(2,3)],[(0,1),(1,4),(0,2),(1,1)],[(1,3),(0,2),(1,4)],[(2,4),(3,3),(2,4),(3,1)],[(1,2),(0,4),(1,3),(0,3)],[(2,1),(3,4),(2,2)]];22;4;6;57;4125;19;9625;17;3111375
[[(2,3),(1,3),(2,4),(1,3)],[(1,1),(2,2),(1,1)],[(1,4),(2,3),(1,1),(2,4)],[(0,4),(3,2),(0,1),(3,3)],[(3,4),(0,3),(3,2)],[(3,2),(0,2),(3,3),(0,1)]];22;4;6;56;5541;16;13250;16;3315166
[[(3,3),(0,3),(3,3)],[(0,3),(3,4),(0,4),(3,1)],[(3,1),(0,2),(3,1),(0,3)],[(2,2),(1,1),(2,1),(1,1)],[(1,1),(2,3),(1,4),(2,3)],[(1,3),(2,3),(1,1)]];22;4;6;51;4459;15;10542;15;3348708
[[(0,4),(3,3),(0,3),(3,3)],[(0,3),(3,3),(0,2)],[(3,4),(0,3),(3,2),(0,1)],[(1,1),(2,1),(1,3)],[(2,2),(1,3),(2,1),(1,1)],[(1,1),(2,4),(1,2),(2,1)]];22;4;6;51;4209;16;9917;16;3321542
[[(0,3),(2,1),(0,4),(2,2)],[(2,2),(0,4),(2,2),(0,1)],[(1,4),(3,2),(1,3),(3,2)],[(3,1),(1,4),(3,3),(1,3)],[(0,4),(2,4),(0,1)],[(3,2),(1,4),(3,2)]];22;4;6;58;3500;18;17125;18;3057375
[[(0,3),(1,4),(0,2),(1,3)],[(2,4),(3,1),(2,1),(3,3)],[(1,2),(0,4),(1,3),(0,3)],[(3,2),(2,3),(3,1),(2,1)],[(0,3),(1,2),(0,1)],[(3,1),(2,3),(3,2)]];22;4;6;52;3750;16;10041;16;2987125
[[(0,4),(1,3),(0,3),(1,1)],[(2,3),(3,3),(2,1),(3,1)],[(3,2),(2,3),(3,3),(2,2)],[(3,1),(2,1),(3,1)],[(1,1),(0,1),(1,4)],[(1,4),(0,4),(1,3),(0,2)]];22;4;6;51;3584;17;8500;16;3194000
[[(3,3),(2,2),(3,2),(2,2)],[(0,1),(1,2),(0,4),(1,2)],[(0,1),(1,3),(0,4)],[(2,1),(3,1),(2,2),(3,2)],[(2,1),(3,2),(2,1)],[(1,1),(0,2),(1,2),(0,1)]];22;4;6;42;3666;13;9000;13;3085541
[[(0,1),(2,3),(0,4),(2,1)],[(1,1),(3,4),(1,1),(3,1)],[(3,1),(1,3),(3,4),(1,2)],[(0,1),(2,4),(0,2)],[(2,4),(0,1),(2,4),(0,1)],[(3,2),(1,1),(3,3)]];22;4;6;49;3750;16;8750;16;3269708
[[(0,4),(2,1),(0,2),(2,4)],[(3,3),(1,3),(3,1),(1,2)],[(1,4),(3,3),(1,3),(3,1)],[(2,4),(0,4),(2,2),(0,1)],[(2,3),(0,3),(2,2)],[(1,1),(3,4),(1,2)]];22;4;6;57;3625;17;9042;16;3266417
[[(0,1),(1,3),(0,3),(1,3)],[(3,4),(2,2),(3,4),(2,1)],[(2,1),(3,2),(2,3),(3,4)],[(1,3),(0,4),(1,1),(0,2)],[(1,1),(0,4),(1,4)],[(3,3),(2,3),(3,1)]];22;4;6;57;3375;18;7917;18;3036250
[[(0,2),(3,1),(0,2)],[(2,4),(1,2),(2,3),(1,1)],[(2,2),(1,2),(2,3)],[(1,4),(2,1),(1,3),(2,3)],[(0,2),(3,1),(0,1),(3,1)],[(3,4),(0,3),(3,1),(0,1)]];22;4;6;47;4208;16;10541;16;3374333
[[(2,3),(0,3),(2,4)],[(2,4),(0,1),(2,1),(0,4)],[(3,4),(1,1),(3,3),(1,2)],[(0,3),(2,3),(0,2),(2,3)],[(3,4),(1,1),(3,2)],[(1,4),(3,4),(1,1),(3,1)]];22;4;6;58;4750;19;10750;18;3774917
[[(0,4),(1,4),(0,3),(1,2)],[(2,2),(3,2),(2,3)],[(1,4),(0,1),(1,3),(0,2)],[(2,4),(3,2),(2,4),(3,2)],[(3,3),(2,2),(3,2),(2,1)],[(0,2),(1,3),(0,3)]];22;4;6;58;5250;17;13041;16;3548625
[[(1,1),(3,2),(1,3),(3,1)],[(2,1),(0,1),(2,3)],[(2,4),(0,4),(2,3),(0,4)],[(0,3),(2,1),(0,1),(2,1)],[(3,3),(1,2),(3,1),(1,4)],[(3,1),(1,1),(3,1)]];22;4;6;46;4541;16;12500;15;3504292
[[(1,3),(0,2),(1,3)],[(2,1),(3,4),(2,3),(3,1)],[(1,3),(0,1),(1,1),(0,3)],[(3,1),(2,2),(3,3),(2,1)],[(0,2),(1,2),(0,3),(1,4)],[(3,1),(2,1),(3,2)]];22;4;6;47;5042;16;13000;16;3457708
[[(3,4),(0,4),(3,4),(0,2)],[(1,1),(2,2),(1,4),(2,4)],[(0,2),(3,3),(0,4)],[(2,1),(1,1),(2,4),(1,1)],[(0,1),(3,4),(0,2),(3,2)],[(2,2),(1,4),(2,2)]];22;4;6;58;5708;17;12458;17;3508166
[[(1,2),(3,4),(1,4)],[(0,1),(2,3),(0,1),(2,3)],[(3,2),(1,1),(3,4),(1,4)],[(2,1),(0,3),(2,2),(0,2)],[(1,3),(3,3),(1,4),(3,3)],[(2,1),(0,4),(2,3)]];22;4;6;58;4458;18;10875;18;3373750
[[(2,2),(3,3),(2,2),(3,1)],[(3,1),(2,3),(3,3),(2,4)],[(1,2),(0,4),(1,1),(0,3)],[(2,3),(3,3),(2,3)],[(1,3),(0,1),(1,4)],[(0,1),(1,1),(0,2),(1,2)]];22;4;6;52;4125;17;10459;17;3361833
[[(3,3),(1,4),(3,2),(1,1)],[(2,3),(0,2),(2,1),(0,3)],[(1,3),(3,3),(1,4),(3,4)],[(0,4),(2,3),(0,1),(2,1)],[(0,2),(2,3),(0,4)],[(3,2),(1,2),(3,2)]];22;4;6;57;5209;17;10833;17;3715375
[[(2,2),(0,3),(2,3),(0,4)],[(1,4),(3,3),(1,1),(3,1)],[(0,3),(2,4),(0,4),(2,1)],[(2,4),(0,3),(2,3)],[(3,2),(1,2),(3,3),(1,2)],[(3,2),(1,3),(3,1)]];22;4;6;58;5167;18;11959;18;3317375
[[(1,4),(2,4),(1,4),(2,3)],[(2,4),(1,2),(2,3),(1,4)],[(0,2),(3,1),(0,2),(3,2)],[(3,3),(0,3),(3,1),(0,2)],[(0,3),(3,3),(0,2)],[(1,1),(2,3),(1,1)]];22;4;6;57;4750;18;9750;17;3362625
[[(2,1),(1,2),(2,2),(1,2)],[(3,2),(0,2),(3,3)],[(3,1),(0,1),(3,1),(0,1)],[(1,2),(2,3),(1,3),(2,3)],[(1,2),(2,3),(1,2)],[(0,2),(3,3),(0,3),(3,3)]];22;4;6;47;4709;13;11625;13;3397084
[[(2,1),(0,1),(2,2),(0,3)],[(1,2),(3,1),(1,1),(3,4)],[(2,2),(0,1),(2,2)],[(0,3),(2,2),(0,3),(2,4)],[(3,1),(1,2),(3,4),(1,2)],[(1,2),(3,2),(1,4)]];22;4;6;49;3500;14;9042;14;3310750
[[(2,2),(3,4),(2,1),(3,2)],[(0,2),(1,2),(0,4)],[(2,1),(3,4),(2,2)],[(0,1),(1,4),(0,2),(1,4)],[(1,4),(0,3),(1,1),(0,1)],[(3,4),(2,1),(3,4),(2,3)]];22;4;6;56;5042;19;12042;18;3703833
[[(3,3),(0,3),(3,1),(0,3)],[(1,1),(2,1),(1,3),(2,4)],[(1,1),(2,3),(1,3)],[(2,4),(1,2),(2,1),(1,2)],[(0,3),(3,1),(0,3),(3,2)],[(3,4),(0,3),(3,4)]];22;4;6;55;7334;16;15416;16;3605917
[[(2,2),(3,3),(2,2),(3,4)],[(3,3),(2,1),(3,4),(2,3)],[(1,3),(0,2),(1,3),(0,1)],[(1,2),(0,1),(1,3)],[(0,2),(1,1),(0,1),(1,3)],[(3,1),(2,1),(3,3)]];22;4;6;49;3917;18;8917;18;3329792
[[(2,3),(1,4),(2,2),(1,1)],[(1,3),(2,1),(1,4)],[(0,2),(3,4),(0,2),(3,2)],[(3,2),(0,4),(3,2),(0,2)],[(1,2),(2,1),(1,3),(2,1)],[(3,2),(0,4),(3,4)]];22;4;6;55;4833;17;11125;17;3152333
[[(2,4),(1,2),(2,3)],[(3,1),(0,3),(3,4),(0,3)],[(0,2),(3,3),(0,3)],[(2,3),(1,2),(2,2),(1,2)],[(0,1),(3,4),(0,3),(3,3)],[(1,1),(2,1),(1,1),(2,3)]];22;4;6;54;4666;16;20875;16;3327125
[[(1,2),(2,2),(1,3)],[(0,4),(3,4),(0,3),(3,1)],[(3,1),(0,3),(3,4)],[(1,4),(2,1),(1,3),(2,4)],[(2,1),(1,4),(2,2),(1,1)],[(3,4),(0,1),(3,3),(0,1)]];22;4;6;56;3500;20;8791;17;3381666
[[(1,2),(3,2),(1,4),(3,4)],[(2,2),(0,4),(2,3),(0,2)],[(0,4),(2,4),(0,2),(2,3)],[(1,3),(3,3),(1,2)],[(3,4),(1,1),(3,4),(1,2)],[(0,4),(2,2),(0,4)]];22;4;6;65;3542;20;8625;20;3283125
[[(3,4),(0,1),(3,4),(0,1)],[(0,3),(3,1),(0,1),(3,3)],[(3,3),(0,1),(3,2)],[(2,4),(1,4),(2,4),(1,4)],[(1,1),(2,3),(1,3)],[(1,1),(2,2),(1,4),(2,2)]];22;4;6;56;3834;19;8667;19;3212250
[[(3,1),(0,4),(3,2)],[(1,2),(2,3),(1,1),(2,3)],[(0,2),(3,3),(0,2),(3,1)],[(1,3),(2,4),(1,3)],[(3,2),(0,4),(3,2),(0,1)],[(2,1),(1,1),(2,1),(1,2)]];22;4;6;48;5167;14;14833;13;3456041
[[(1,3),(2,3),(1,1),(2,1)],[(1,4),(2,1),(1,3)],[(0,4),(3,2),(0,3),(3,3)],[(0,4),(3,2),(0,2)],[(3,3),(0,2),(3,2),(0,2)],[(2,4),(1,1),(2,4),(1,1)]];22;4;6;55;5084;17;12166;17;3309250
[[(0,3),(2,3),(0,4),(2,3)],[(3,1),(1,3),(3,2)],[(1,2),(3,1),(1,4),(3,3)],[(3,1),(1,2),(3,4),(1,3)],[(2,2),(0,3),(2,3),(0,1)],[(0,1),(2,4),(0,4)]];22;4;6;57;4417;16;10750;16;3367542
[[(2,1),(1,3),(2,4),(1,2)],[(2,3),(1,3),(2,1)],[(0,4),(3,1),(0,4),(3,2)],[(0,2),(3,4),(0,2)],[(3,1),(0,3),(3,1),(0,3)],[(1,2),(2,3),(1,3),(2,1)]];22;4;6;53;4625;18;11709;18;3614833
[[(3,3),(0,3),(3,4),(0,4)],[(0,4),(3,2),(0,1)],[(2,2),(1,3),(2,3),(1,2)],[(1,3),(2,3),(1,4),(2,1)],[(0,1),(3,4),(0,2),(3,3)],[(2,3),(1,2),(2,1)]];22;4;6;58;3875;18;9166;17;3369250
[[(0,3),(2,2),(0,3)],[(2,4),(0,1),(2,4),(0,4)],[(3,1),(1,4),(3,2)],[(0,4),(2,1),(0,4),(2,2)],[(3,1),(1,3),(3,4),(1,3)],[(1,2),(3,3),(1,3),(3,1)]];22;4;6;59;3292;19;11916;19;3230583
[[(1,4),(0,3),(1,4),(0,3)],[(0,2),(1,4),(0,1),(1,4)],[(2,2),(3,1),(2,3)],[(2,4),(3,3),(2,4),(3,4)],[(3,4),(2,1),(3,1),(2,1)],[(0,4),(1,3),(0,1)]];22;4;6;61;3209;19;8292;19;3231042
[[(0,1),(1,2),(0,1),(1,2)],[(0,2),(1,3),(0,2)],[(2,4),(3,4),(2,3),(3,2)],[(1,4),(0,4),(1,1),(0,3)],[(3,1),(2,3),(3,1),(2,2)],[(3,1),(2,1),(3,2)]];22;4;6;49;3542;14;8875;14;3037375
[[(2,4),(0,4),(2,4),(0,1)],[(2,3),(0,2),(2,2)],[(1,2),(3,2),(1,3),(3,1)],[(3,2),(1,2),(3,3)],[(0,4),(2,2),(0,4),(2,2)],[(3,4),(1,4),(3,1),(1,2)]];22;4;6;58;3125;17;8042;17;3430542
[[(3,2),(2,4),(3,2)],[(0,4),(1,3),(0,3)],[(3,3),(2,3),(3,3),(2,2)],[(1,2),(0,2),(1,4),(0,4)],[(0,4),(1,2),(0,2),(1,2)],[(2,3),(3,1),(2,4),(3,3)]];22;4;6;62;3625;19;9000;19;3080375
[[(3,1),(2,2),(3,1),(2,2)],[(0,3),(1,3),(0,1),(1,1)],[(2,2),(3,2),(2,4),(3,3)],[(1,1),(0,3),(1,1),(0,3)],[(1,2),(0,1),(1,4)],[(2,2),(3,3),(2,3)]];22;4;6;48;3625;15;8792;15;3132500
[[(1,3),(0,3),(1,3),(0,1)],[(0,3),(1,4),(0,1),(1,2)],[(2,4),(3,4),(2,2),(3,2)],[(0,3),(1,3),(0,2)],[(3,4),(2,1),(3,3),(2,1)],[(3,3),(2,1),(3,2)]];22;4;6;55;3375;18;8459;18;3306333
[[(0,4),(3,4),(0,2),(3,2)],[(2,1),(1,1),(2,4),(1,3)],[(3,1),(0,1),(3,3),(0,4)],[(1,3),(2,3),(1,4)],[(1,3),(2,4),(1,1),(2,2)],[(3,4),(0,1),(3,3)]];22;4;6;58;5250;17;12083;17;3327958
[[(2,1),(0,3),(2,4),(0,1)],[(3,2),(1,1),(3,3)],[(1,4),(3,3),(1,2),(3,2)],[(2,2),(0,3),(2,2)],[(3,3),(1,2),(3,2),(1,1)],[(0,2),(2,4),(0,2),(2,3)]];22;4;6;52;5500;16;12333;16;3485125
[[(2,2),(1,3),(2,3)],[(3,2),(0,3),(3,3)],[(0,3),(3,3),(0,3),(3,4)],[(3,1),(0,3),(3,1),(0,4)],[(2,2),(1,3),(2,2),(1,4)],[(1,4),(2,2),(1,2),(2,3)]];22;4;6;60;3667;16;8208;16;3294750
[[(2,1),(1,4),(2,2),(1,4)],[(0,2),(3,3),(0,1),(3,2)],[(1,2),(2,3),(1,1),(2,4)],[(3,1),(0,1),(3,2),(0,2)],[(2,3),(1,3),(2,1)],[(0,2),(3,4),(0,3)]];22;4;6;51;3584;14;8542;14;3302875
[[(1,1),(2,1),(1,1),(2,4)],[(1,1),(2,2),(1,4)],[(3,2),(0,4),(3,3)],[(2,1),(1,2),(2,4),(1,3)],[(3,2),(0,4),(3,1),(0,1)],[(0,3),(3,1),(0,1),(3,1)]];22;4;6;47;4583;13;13875;13;3479834
[[(3,2),(0,1),(3,1)],[(0,4),(3,4),(0,1),(3,2)],[(2,4),(1,3),(2,3)],[(3,3),(0,2),(3,2),(0,3)],[(1,2),(2,2),(1,4),(2,4)],[(2,3),(1,1),(2,3),(1,1)]];22;4;6;55;5250;19;12000;19;3314083
[[(3,4),(1,4),(3,1),(1,3)],[(1,1),(3,1),(1,3)],[(0,2),(2,2),(0,2)],[(1,1),(3,4),(1,4),(3,1)],[(0,2),(2,3),(0,3),(2,1)],[(2,3),(0,2),(2,3),(0,4)]];22;4;6;54;4000;18;9500;17;3451000
[[(1,2),(2,1),(1,4)],[(3,3),(0,4),(3,1),(0,4)],[(0,3),(3,4),(0,2)],[(1,2),(2,4),(1,1),(2,3)],[(2,2),(1,3),(2,4),(1,4)],[(0,1),(3,1),(0,4),(3,2)]];22;4;6;59;4375;18;9834;18;3520250
[[(3,3),(1,3),(3,2),(1,4)],[(0,4),(2,3),(0,4)],[(1,1),(3,1),(1,2)],[(0,1),(2,4),(0,1),(2,2)],[(2,1),(0,3),(2,3),(0,3)],[(1,3),(3,1),(1,1),(3,4)]];22;4;6;54;3875;17;9542;16;3242167
[[(1,2),(0,2),(1,4)],[(3,4),(2,3),(3,1),(2,2)],[(2,3),(3,4),(2,1),(3,3)],[(2,1),(3,1),(2,3)],[(0,1),(1,1),(0,3),(1,4)],[(1,1),(0,3),(1,1),(0,1)]];22;4;6;49;5375;14;11708;14;3342500
[[(3,3),(1,1),(3,1),(1,1)],[(1,1),(3,1),(1,1)],[(1,4),(3,4),(1,2),(3,3)],[(2,1),(0,3),(2,2)],[(0,4),(2,2),(0,4),(2,3)],[(2,3),(0,3),(2,1),(0,3)]];22;4;6;51;4125;17;10291;17;3305458
[[(2,3),(0,1),(2,4),(0,3)],[(0,2),(2,2),(0,1),(2,1)],[(3,4),(1,2),(3,4),(1,3)],[(0,4),(2,3),(0,4)],[(1,1),(3,4),(1,1)],[(1,4),(3,2),(1,4),(3,2)]];22;4;6;59;5000;17;12542;16;3603875
[[(2,1),(0,2),(2,4),(0,1)],[(0,2),(2,2),(0,1),(2,3)],[(1,3),(3,2),(1,3)],[(1,4),(3,3),(1,1),(3,2)],[(3,2),(1,3),(3,2),(1,1)],[(2,2),(0,2),(2,1)]];22;4;6;47;4125;16;11000;15;3299750
[[(2,2),(1,1),(2,1),(1,2)],[(3,4),(0,2),(3,3),(0,1)],[(1,2),(2,1),(1,4)],[(1,2),(2,3),(1,1),(2,1)],[(0,4),(3,3),(0,3),(3,2)],[(3,2),(0,3),(3,1)]];22;4;6;48;4458;15;14708;15;3456916
[[(1,3),(3,2),(1,1),(3,2)],[(2,2),(0,4),(2,3)],[(0,3),(2,4),(0,3),(2,1)],[(3,1),(1,4),(3,2),(1,4)],[(1,4),(3,2),(1,3)],[(2,2),(0,3),(2,1),(0,3)]];22;4;6;57;5208;19;12542;19;3191250
[[(3,4),(0,3),(3,3)],[(1,2),(2,3),(1,4)],[(0,1),(3,1),(0,3),(3,1)],[(3,2),(0,3),(3,4),(0,1)],[(1,1),(2,3),(1,3),(2,4)],[(2,2),(1,4),(2,3),(1,3)]];22;4;6;58;3500;18;8584;17;3345834
[[(2,3),(1,3),(2,4),(1,4)],[(3,3),(0,3),(3,4)],[(0,1),(3,3),(0,4),(3,2)],[(1,4),(2,2),(1,4)],[(3,3),(0,2),(3,3),(0,4)],[(1,1),(2,2),(1,1),(2,3)]];22;4;6;63;3625;20;9041;18;3411834
[[(2,2),(1,2),(2,3)],[(3,3),(0,4),(3,4)],[(0,4),(3,3),(0,4),(3,4)],[(1,2),(2,3),(1,4),(2,4)],[(2,1),(1,2),(2,1),(1,2)],[(3,4),(0,4),(3,3),(0,3)]];22;4;6;66;5000;21;13542;21;3212292
[[(2,1),(1,1),(2,3),(1,2)],[(3,1),(0,2),(3,3),(0,3)],[(1,2),(2,4),(1,2)],[(1,4),(2,1),(1,2),(2,1)],[(0,2),(3,2),(0,3),(3,1)],[(0,2),(3,1),(0,4)]];22;4;6;47;4917;16;11917;16;3382333
[[(1,2),(0,1),(1,1)],[(2,3),(3,2),(2,1),(3,4)],[(2,4),(3,1),(2,3)],[(0,1),(1,4),(0,1),(1,3)],[(3,1),(2,4),(3,3),(2,4)],[(1,2),(0,1),(1,1),(0,4)]];22;4;6;51;5042;19;11667;19;3324791
[[(1,4),(0,2),(1,2),(0,2)],[(2,3),(3,2),(2,2),(3,1)],[(2,4),(3,3),(2,4)],[(0,1),(1,2),(0,3),(1,2)],[(1,4),(0,1),(1,3)],[(3,4),(2,2),(3,2),(2,3)]];22;4;6;56;6292;18;14000;18;3378667
[[(2,2),(3,3),(2,3)],[(2,2),(3,1),(2,2),(3,2)],[(0,2),(1,1),(0,1),(1,3)],[(1,4),(0,1),(1,4)],[(3,1),(2,1),(3,4),(2,1)],[(1,2),(0,1),(1,3),(0,4)]];22;4;6;48;4875;18;11709;17;3470334
[[(0,4),(2,4),(0,3)],[(3,3),(1,3),(3,3)],[(3,4),(1,1),(3,1),(1,2)],[(2,2),(0,4),(2,1),(0,2)],[(0,2),(2,1),(0,3),(2,2)],[(1,4),(3,4),(1,4),(3,1)]];22;4;6;58;5333;18;12500;18;3404667
[[(3,4),(2,1),(3,2),(2,1)],[(0,4),(1,1),(0,4)],[(2,2),(3,4),(2,2),(3,1)],[(1,2),(0,4),(1,3),(0,3)],[(2,1),(3,3),(2,4)],[(0,1),(1,2),(0,4),(1,2)]];22;4;6;55;4750;20;12000;20;3574458
[[(3,1),(2,2),(3,2),(2,1)],[(1,2),(0,4),(1,2)],[(0,4),(1,3),(0,1),(1,2)],[(2,3),(3,3),(2,1),(3,4)],[(3,4),(2,2),(3,3)],[(1,2),(0,3),(1,1),(0,1)]];22;4;6;51;4708;17;15250;17;3430917
[[(2,1),(3,2),(2,3),(3,4)],[(2,4),(3,2),(2,4)],[(3,2),(2,3),(3,1),(2,3)],[(1,1),(0,3),(1,2),(0,3)],[(0,4),(1,3),(0,4),(1,4)],[(1,4),(0,3),(1,3)]];22;4;6;63;5709;18;14542;18;4334250
[[(0,3),(2,3),(0,3),(2,1)],[(1,3),(3,4),(1,4)],[(1,1),(3,1),(1,4),(3,1)],[(2,3),(0,2),(2,1),(0,3)],[(3,1),(1,1),(3,2),(1,3)],[(2,3),(0,4),(2,1)]];22;4;6;52;5083;18;13583;16;13806834
[[(0,1),(2,1),(0,1),(2,1)],[(1,4),(3,4),(1,1)],[(1,3),(3,2),(1,3),(3,1)],[(2,3),(0,4),(2,2),(0,2)],[(2,3),(0,2),(2,1)],[(3,4),(1,1),(3,1),(1,1)]];22;4;6;46;278042;14;31708;13;14111292
[[(3,2),(2,2),(3,1),(2,2)],[(0,4),(1,4),(0,1),(1,2)],[(1,4),(0,3),(1,4),(0,1)],[(2,4),(3,1),(2,2)],[(2,2),(3,1),(2,4),(3,3)],[(1,1),(0,2),(1,4)]];22;4;6;54;28833;19;14875;19;5651625
[[(0,3),(2,3),(0,1)],[(1,3),(3,3),(1,4),(3,1)],[(3,4),(1,3),(3,4)],[(0,3),(2,3),(0,4),(2,2)],[(2,3),(0,3),(2,4),(0,4)],[(3,2),(1,4),(3,3),(1,4)]];22;4;6;68;5417;20;13625;18;3962166
[[(3,4),(2,4),(3,4)],[(0,1),(1,4),(0,1),(1,3)],[(1,2),(0,2),(1,1)],[(3,3),(2,1),(3,1),(2,4)],[(2,3),(3,1),(2,1),(3,2)],[(1,1),(0,2),(1,3),(0,1)]];22;4;6;49;5375;17;13292;16;3830083
[[(1,3),(3,2),(1,1),(3,2)],[(2,4),(0,3),(2,2)],[(3,3),(1,4),(3,2)],[(2,2),(0,4),(2,2),(0,1)],[(3,3),(1,1),(3,2),(1,1)],[(0,2),(2,4),(0,2),(2,2)]];22;4;6;52;5167;16;12042;16;3544959
[[(3,3),(0,1),(3,1),(0,3)],[(2,2),(1,2),(2,4),(1,4)],[(2,3),(1,1),(2,4)],[(0,2),(3,1),(0,4)],[(1,4),(2,4),(1,4),(2,1)],[(0,3),(3,3),(0,2),(3,4)]];22;4;6;60;6083;18;43333;18;5540375
[[(0,1),(1,3),(0,3),(1,3)],[(1,1),(0,2),(1,1),(0,4)],[(2,3),(3,2),(2,1),(3,1)],[(3,3),(2,2),(3,4),(2,3)],[(2,1),(3,2),(2,2)],[(1,4),(0,4),(1,1)]];22;4;6;51;5459;16;13542;16;5535875
[[(3,1),(1,4),(3,1),(1,4)],[(0,4),(2,2),(0,2),(2,3)],[(2,1),(0,1),(2,4),(0,2)],[(0,2),(2,3),(0,2)],[(3,2),(1,1),(3,3)],[(1,4),(3,1),(1,1),(3,4)]];22;4;6;52;5458;16;13625;14;5710917
[[(2,2),(0,3),(2,4),(0,1)],[(0,3),(2,2),(0,3),(2,3)],[(1,1),(3,3),(1,4),(3,4)],[(3,4),(1,1),(3,2),(1,4)],[(0,2),(2,2),(0,3)],[(3,2),(1,4),(3,1)]];22;4;6;58;5500;18;12708;17;5414875
[[(2,1),(0,3),(2,2)],[(1,1),(3,1),(1,1),(3,2)],[(3,2),(1,3),(3,1),(1,4)],[(2,4),(0,3),(2,4),(0,1)],[(0,3),(2,4),(0,2),(2,1)],[(1,3),(3,1),(1,3)]];22;4;6;50;5584;16;13375;16;4953625
[[(1,2),(0,1),(1,3)],[(0,4),(1,1),(0,1),(1,1)],[(3,4),(2,4),(3,2),(2,1)],[(2,1),(3,4),(2,4),(3,3)],[(1,4),(0,3),(1,2),(0,3)],[(3,4),(2,3),(3,2)]];22;4;6;57;10916;19;29500;19;9965125
[[(0,2),(2,1),(0,4)],[(1,4),(3,2),(1,3),(3,4)],[(2,1),(0,2),(2,1),(0,3)],[(0,2),(2,1),(0,2),(2,3)],[(1,2),(3,2),(1,2)],[(3,3),(1,3),(3,4),(1,1)]];22;4;6;52;10833;17;29250;17;6127459
[[(0,3),(2,4),(0,4),(2,3)],[(3,1),(1,3),(3,2),(1,2)],[(1,3),(3,2),(1,4)],[(0,4),(2,1),(0,3)],[(1,3),(3,4),(1,1),(3,2)],[(2,2),(0,2),(2,3),(0,1)]];22;4;6;57;10875;17;29834;17;5086792
[[(3,1),(2,2),(3,4),(2,4)],[(1,3),(0,3),(1,4)],[(0,2),(1,1),(0,2),(1,1)],[(3,2),(2,3),(3,1)],[(1,4),(0,4),(1,2),(0,3)],[(2,3),(3,4),(2,4),(3,4)]];22;4;6;61;10542;17;29125;16;6005000
[[(3,2),(0,1),(3,2)],[(1,1),(2,2),(1,1)],[(1,3),(2,3),(1,4),(2,3)],[(2,4),(1,3),(2,2),(1,2)],[(0,2),(3,2),(0,3),(3,4)],[(3,4),(0,2),(3,2),(0,1)]];22;4;6;53;10459;16;29459;16;5693958
[[(0,4),(3,1),(0,3),(3,1)],[(3,4),(0,4),(3,4),(0,2)],[(1,3),(2,3),(1,1)],[(2,2),(1,4),(2,1),(1,4)],[(3,1),(0,1),(3,1)],[(1,2),(2,1),(1,3),(2,2)]];22;4;6;52;5417;17;12959;17;4440292
[[(3,2),(0,1),(3,1),(0,3)],[(0,1),(3,4),(0,4)],[(2,2),(1,4),(2,2)],[(0,3),(3,2),(0,3),(3,1)],[(1,4),(2,1),(1,2),(2,2)],[(2,1),(1,4),(2,1),(1,1)]];22;4;6;49;5334;16;13541;16;5334333
[[(3,3),(2,3),(3,3),(2,4)],[(1,4),(0,2),(1,4),(0,3)],[(1,2),(0,3),(1,2)],[(2,2),(3,2),(2,4),(3,3)],[(3,4),(2,3),(3,3)],[(0,4),(1,3),(0,2),(1,2)]];22;4;6;65;4792;18;13000;18;4801917
[[(1,1),(3,4),(1,2)],[(0,4),(2,2),(0,4)],[(1,4),(3,1),(1,1),(3,2)],[(2,3),(0,4),(2,2),(0,1)],[(0,1),(2,2),(0,3),(2,2)],[(3,2),(1,4),(3,3),(1,3)]];22;4;6;55;5042;18;13042;17;5091125
[[(2,4),(0,3),(2,4),(0,2)],[(3,3),(1,4),(3,3),(1,4)],[(0,1),(2,1),(0,4),(2,2)],[(0,3),(2,3),(0,4)],[(1,4),(3,2),(1,2)],[(1,3),(3,1),(1,2),(3,4)]];22;4;6;63;5167;19;13042;19;8058500
[[(3,4),(0,4),(3,4),(0,3)],[(1,2),(2,2),(1,2)],[(3,1),(0,1),(3,1)],[(0,2),(3,2),(0,3),(3,2)],[(1,1),(2,3),(1,3),(2,4)],[(2,1),(1,2),(2,2),(1,3)]];22;4;6;52;5375;15;13792;15;9329916
[[(3,4),(1,4),(3,4),(1,3)],[(0,3),(2,4),(0,1),(2,3)],[(1,4),(3,4),(1,1),(3,2)],[(2,1),(0,1),(2,2)],[(2,2),(0,2),(2,2),(0,3)],[(3,2),(1,4),(3,2)]];22;4;6;58;10416;18;29709;18;6084916
[[(0,3),(1,4),(0,2)],[(0,2),(1,3),(0,2),(1,1)],[(2,4),(3,1),(2,4),(3,3)],[(2,2),(3,3),(2,3)],[(1,1),(0,1),(1,1),(0,2)],[(3,2),(2,2),(3,2),(2,3)]];22;4;6;51;5250;18;13875;18;6445708
[[(0,2),(1,4),(0,3),(1,1)],[(1,2),(0,4),(1,3),(0,1)],[(3,1),(2,4),(3,1)],[(3,3),(2,4),(3,4),(2,4)],[(2,2),(3,2),(2,4),(3,2)],[(0,2),(1,1),(0,3)]];22;4;6;57;5000;18;12708;18;4658000
[[(2,4),(0,3),(2,2),(0,3)],[(2,4),(0,3),(2,2)],[(1,1),(3,3),(1,1),(3,4)],[(0,4),(2,1),(0,4),(2,3)],[(3,1),(1,4),(3,2),(1,3)],[(3,1),(1,4),(3,3)]];22;4;6;60;4125;18;10250;17;3121959
[[(3,1),(1,2),(3,2),(1,4)],[(0,3),(2,1),(0,4),(2,1)],[(3,1),(1,2),(3,3)],[(2,4),(0,3),(2,3),(0,3)],[(2,2),(0,2),(2,1)],[(1,3),(3,4),(1,4),(3,2)]];22;4;6;55;4250;16;10834;16;3123292
[[(0,1),(1,1),(0,4),(1,4)],[(0,3),(1,3),(0,4)],[(3,1),(2,1),(3,2),(2,2)],[(2,2),(3,4),(2,2),(3,4)],[(2,4),(3,4),(2,4)],[(1,3),(0,2),(1,2),(0,1)]];22;4;6;58;5500;16;13917;16;5382833
[[(3,2),(2,3),(3,4)],[(1,1),(0,3),(1,1),(0,3)],[(0,2),(1,3),(0,4),(1,1)],[(1,4),(0,1),(1,1)],[(3,3),(2,1),(3,3),(2,4)],[(2,3),(3,4),(2,1),(3,4)]];22;4;6;56;5875;20;13834;20;4771833
[[(0,1),(1,2),(0,1),(1,3)],[(3,1),(2,3),(3,1),(2,1)],[(1,2),(0,3),(1,2),(0,1)],[(3,3),(2,3),(3,4)],[(0,1),(1,2),(0,1)],[(2,3),(3,4),(2,2),(3,4)]];22;4;6;48;5958;17;18666;17;4321917
[[(0,2),(1,1),(0,4)],[(2,1),(3,4),(2,1),(3,3)],[(3,3),(2,3),(3,3),(2,2)],[(2,3),(3,4),(2,3)],[(0,4),(1,4),(0,3),(1,3)],[(1,1),(0,4),(1,1),(0,2)]];22;4;6;59;5333;20;12791;19;3659250
[[(3,3),(2,1),(3,3),(2,4)],[(0,3),(1,1),(0,4),(1,2)],[(0,2),(1,4),(0,1)],[(2,4),(3,3),(2,4)],[(1,3),(0,1),(1,1),(0,4)],[(2,2),(3,4),(2,2),(3,4)]];22;4;6;60;5375;18;11042;18;3223917
[[(2,1),(3,2),(2,1)],[(0,2),(1,4),(0,3),(1,3)],[(1,1),(0,2),(1,1)],[(1,4),(0,1),(1,4),(0,2)],[(2,1),(3,4),(2,1),(3,2)],[(3,3),(2,3),(3,3),(2,4)]];22;4;6;52;5125;17;12166;17;3543834
[[(3,2),(0,4),(3,3)],[(3,3),(0,3),(3,2),(0,2)],[(2,1),(1,3),(2,3),(1,4)],[(0,2),(3,2),(0,4),(3,1)],[(2,1),(1,1),(2,3)],[(1,1),(2,4),(1,3),(2,3)]];22;4;6;55;4584;15;11875;15;3632125
[[(1,4),(2,2),(1,1),(2,2)],[(2,3),(1,2),(2,3)],[(2,2),(1,2),(2,2),(1,1)],[(3,1),(0,1),(3,2)],[(3,4),(0,4),(3,3),(0,2)],[(0,4),(3,1),(0,2),(3,3)]];22;4;6;51;5584;15;12333;15;3650792
[[(1,2),(2,3),(1,4)],[(3,4),(0,3),(3,1)],[(2,4),(1,3),(2,1),(1,4)],[(1,1),(2,2),(1,4),(2,1)],[(0,2),(3,4),(0,1),(3,3)],[(3,2),(0,2),(3,1),(0,3)]];22;4;6;55;4084;19;10708;18;3443792
[[(3,3),(2,4),(3,4),(2,4)],[(2,1),(3,4),(2,4),(3,4)],[(3,1),(2,1),(3,4)],[(1,2),(0,4),(1,4),(0,1)],[(1,3),(0,2),(1,1)],[(0,2),(1,2),(0,3),(1,1)]];22;4;6;59;5042;20;12167;20;3416083
[[(3,2),(1,3),(3,1)],[(0,3),(2,3),(0,3),(2,3)],[(2,1),(0,1),(2,1)],[(2,4),(0,3),(2,3),(0,2)],[(1,2),(3,2),(1,3),(3,2)],[(3,2),(1,2),(3,3),(1,3)]];22;4;6;52;5375;15;13417;15;5742416
[[(0,3),(3,3),(0,2)],[(1,2),(2,3),(1,3)],[(1,1),(2,1),(1,2),(2,2)],[(2,2),(1,1),(2,1),(1,2)],[(0,2),(3,1),(0,1),(3,4)],[(3,4),(0,4),(3,4),(0,2)]];22;4;6;50;5500;17;26292;17;3770042
[[(3,4),(1,1),(3,1),(1,2)],[(1,3),(3,3),(1,1)],[(2,1),(0,3),(2,4)],[(1,1),(3,3),(1,4),(3,2)],[(0,4),(2,1),(0,3),(2,1)],[(2,2),(0,1),(2,4),(0,1)]];22;4;6;50;5375;16;13333;14;5546583
[[(1,2),(0,4),(1,1)],[(0,3),(1,2),(0,3),(1,4)],[(1,2),(0,2),(1,4),(0,2)],[(2,3),(3,4),(2,2),(3,3)],[(3,2),(2,1),(3,1)],[(3,2),(2,3),(3,3),(2,1)]];22;4;6;54;5208;17;13292;15;3641958
[[(3,2),(0,3),(3,2),(0,2)],[(1,3),(2,3),(1,4)],[(0,1),(3,3),(0,4),(3,4)],[(3,4),(0,2),(3,3)],[(2,3),(1,2),(2,1),(1,1)],[(1,1),(2,2),(1,3),(2,3)]];22;4;6;56;4541;18;12416;18;3243625
[[(1,2),(3,2),(1,3),(3,2)],[(0,3),(2,3),(0,1),(2,1)],[(3,2),(1,1),(3,1),(1,3)],[(2,3),(0,4),(2,2),(0,4)],[(2,3),(0,2),(2,4)],[(1,4),(3,3),(1,3)]];22;4;6;56;4083;16;9875;16;3280167
